trade_id,exchange,coin,trader_id,amount_usd,event_time
TRD000000,,BTC,TRADER0141,,2026-08-01T12:57:50
TRD000001,BINANCE,DOGE,TRADER0217,207.32,2026-08-01T12:35:59
TRD000002,OKX,BTC,TRADER0288,359953.78,2026-08-01T10:00:23
TRD000003,BYBIT,DOGE,TRADER0143,4056.68,2026-08-01T11:50:48
TRD000004,KRAKEN,SOL,TRADER0080,1115.8,2026-08-01T08:50:39
TRD000005,BYBIT,BTC,TRADER0184,4245.1,2026-08-01T12:10:54
TRD000006,OKX,BTC,TRADER0194,217271.31,2026-08-01T13:15:18
TRD000007,COINBASE,BTC,TRADER0024,3323.25,2026-08-01T10:07:08
TRD000008,BINANCE,XRP,TRADER0143,2294.38,2026-08-01T11:22:10
TRD000009,KRAKEN,ETH,TRADER0137,3524.01,2026-08-01T13:32:40
TRD000010,COINBASE,DOGE,TRADER0126,858.84,2026-08-01T10:57:06
TRD000011,BINANCE,ETH,TRADER0017,4034.98,2026-08-01T09:55:13
TRD000012,OKX,SOL,TRADER0109,258252.76,2026-08-01T09:18:01
TRD000013,KRAKEN,ETH,TRADER0127,315590.92,2026-08-01T13:18:41
TRD000014,BYBIT,SOL,TRADER0113,155332.7,2026-08-01T08:49:38
TRD000015,BINANCE,BTC,TRADER0079,416831.75,2026-08-01T13:25:43
TRD000016,BINANCE,XRP,TRADER0196,287219.96,2026-08-01T13:02:08
TRD000017,BINANCE,BTC,TRADER0275,407439.49,2026-08-01T09:00:55
TRD000018,KRAKEN,XRP,TRADER0081,481526.37,2026-08-01T12:33:23
TRD000019,COINBASE,DOGE,TRADER0055,4359.07,2026-08-01T09:23:28
TRD000020,KRAKEN,ETH,TRADER0277,4769.82,2026-08-01T13:27:06
TRD000021,KRAKEN,XRP,TRADER0010,245192.31,2026-08-01T10:10:46
TRD000022,BINANCE,ETH,TRADER0291,134261.38,2026-08-01T08:37:47
TRD000023,OKX,ETH,TRADER0066,3315.77,2026-08-01T10:24:45
TRD000024,OKX,DOGE,TRADER0217,4823.6,2026-08-01T10:50:14
TRD000025,BYBIT,SOL,TRADER0225,4503.09,2026-08-01T10:02:42
TRD000026,BINANCE,SOL,TRADER0011,2962.13,2026-08-01T08:03:55
TRD000027,BINANCE,BTC,TRADER0118,112565.18,2026-08-01T08:38:41
TRD000028,OKX,ETH,TRADER0143,3361.44,2026-08-01T13:11:51
TRD000029,OKX,XRP,TRADER0125,3933.87,2026-08-01T08:51:30
TRD000030,BINANCE,XRP,TRADER0182,2146.71,2026-08-01T13:56:52
TRD000031,BINANCE,BTC,TRADER0207,3654.66,2026-08-01T10:15:47
TRD000032,COINBASE,ETH,TRADER0275,268752.66,2026-08-01T12:12:39
TRD000033,COINBASE,BTC,TRADER0227,4049.71,2026-08-01T08:27:37
TRD000034,OKX,BTC,TRADER0048,4635.52,2026-08-01T11:41:57
TRD000035,BYBIT,XRP,TRADER0110,4330.02,2026-08-01T11:26:58
TRD000036,BINANCE,XRP,TRADER0136,414051.74,2026-08-01T11:51:01
TRD000037,OKX,XRP,TRADER0080,989.99,2026-08-01T13:16:18
TRD000038,OKX,BTC,TRADER0161,332.97,2026-08-01T08:31:03
TRD000039,OKX,BTC,TRADER0096,389.18,2026-08-01T11:40:30
TRD000040,BINANCE,DOGE,TRADER0127,2915.65,2026-08-01T11:48:57
TRD000041,OKX,DOGE,TRADER0268,204306.28,2026-08-01T10:10:21
TRD000042,KRAKEN,XRP,TRADER0068,219998.83,2026-08-01T08:39:37
TRD000043,BINANCE,XRP,TRADER0289,4980.68,2026-08-01T12:36:16
TRD000044,KRAKEN,ETH,TRADER0179,451708.1,2026-08-01T10:35:38
TRD000045,COINBASE,XRP,TRADER0279,3532.52,2026-08-01T13:02:53
TRD000046,KRAKEN,BTC,TRADER0069,1359.11,2026-08-01T10:28:44
TRD000047,KRAKEN,DOGE,TRADER0108,181438.92,2026-08-01T12:36:01
TRD000048,BYBIT,SOL,TRADER0027,269430.31,2026-08-01T08:24:04
TRD000049,BINANCE,SOL,TRADER0067,204782.1,2026-08-01T13:01:17
TRD000050,BYBIT,DOGE,TRADER0005,603.78,2026-08-01T12:57:57
TRD000051,BINANCE,SOL,TRADER0299,2785.0,2026-08-01T10:48:21
TRD000052,KRAKEN,BTC,TRADER0184,1089.88,2026-08-01T11:13:09
TRD000053,OKX,XRP,TRADER0080,4632.53,2026-08-01T09:36:41
TRD000054,BYBIT,BTC,TRADER0092,232874.19,2026-08-01T10:15:31
TRD000055,KRAKEN,ETH,TRADER0056,115489.84,2026-08-01T10:01:28
TRD000056,COINBASE,XRP,TRADER0180,1560.69,2026-08-01T10:01:44
TRD000057,BINANCE,ETH,TRADER0205,445741.18,2026-08-01T11:11:46
TRD000058,OKX,XRP,TRADER0275,111040.21,2026-08-01T09:37:31
TRD000059,OKX,SOL,TRADER0020,273825.5,2026-08-01T11:58:19
TRD000060,OKX,DOGE,TRADER0060,330635.22,2026-08-01T08:24:14
TRD000061,BYBIT,BTC,TRADER0267,4631.6,2026-08-01T11:18:54
TRD000062,BYBIT,BTC,TRADER0170,3134.62,2026-08-01T10:44:00
TRD000063,OKX,SOL,TRADER0210,1664.61,2026-08-01T09:44:46
TRD000064,BYBIT,XRP,TRADER0090,3096.8,2026-08-01T10:45:57
TRD000065,KRAKEN,ETH,TRADER0221,342664.63,2026-08-01T12:13:56
TRD000066,BYBIT,XRP,TRADER0110,2580.31,2026-08-01T13:59:49
TRD000067,BINANCE,SOL,TRADER0264,3336.08,2026-08-01T10:08:16
TRD000068,KRAKEN,ETH,TRADER0102,118485.49,2026-08-01T13:33:50
TRD000069,BINANCE,XRP,TRADER0213,330268.36,2026-08-01T12:29:59
TRD000070,BYBIT,ETH,TRADER0076,3297.49,2026-08-01T11:52:11
TRD000071,COINBASE,ETH,TRADER0266,2349.52,2026-08-01T12:09:17
TRD000072,COINBASE,XRP,TRADER0272,338180.93,2026-08-01T13:34:35
TRD000073,OKX,XRP,TRADER0281,163663.16,2026-08-01T12:05:47
TRD000074,KRAKEN,ETH,TRADER0142,3840.78,2026-08-01T10:29:58
TRD000075,BYBIT,BTC,TRADER0147,1210.74,2026-08-01T09:15:34
TRD000076,COINBASE,ETH,TRADER0197,3485.05,2026-08-01T11:46:34
TRD000077,BYBIT,SOL,TRADER0278,124906.28,2026-08-01T11:32:42
TRD000078,OKX,BTC,TRADER0295,102358.43,2026-08-01T10:43:04
TRD000079,BYBIT,XRP,TRADER0276,3750.2,2026-08-01T12:26:38
TRD000080,COINBASE,SOL,TRADER0224,255542.88,2026-08-01T09:30:08
TRD000081,BYBIT,ETH,TRADER0274,183.48,2026-08-01T08:45:50
TRD000082,BYBIT,ETH,TRADER0237,204062.53,2026-08-01T09:55:35
TRD000083,BYBIT,SOL,TRADER0173,251650.49,2026-08-01T10:17:46
TRD000084,BINANCE,XRP,TRADER0010,120834.24,2026-08-01T10:02:27
TRD000085,BINANCE,BTC,TRADER0016,4750.58,2026-08-01T13:39:19
TRD000086,COINBASE,ETH,TRADER0065,2394.13,2026-08-01T12:13:58
TRD000087,KRAKEN,SOL,TRADER0086,3049.17,2026-08-01T09:29:26
TRD000088,KRAKEN,BTC,TRADER0297,224782.9,2026-08-01T11:36:37
TRD000089,COINBASE,BTC,TRADER0125,554.41,2026-08-01T13:09:04
TRD000090,BINANCE,SOL,TRADER0273,248228.35,2026-08-01T08:06:54
TRD000091,BYBIT,XRP,TRADER0055,244875.22,2026-08-01T09:23:33
TRD000092,BYBIT,ETH,TRADER0268,208032.96,2026-08-01T12:13:52
TRD000093,BYBIT,DOGE,TRADER0138,1645.41,2026-08-01T10:32:19
TRD000094,BYBIT,ETH,TRADER0238,367275.39,2026-08-01T08:15:40
TRD000095,BYBIT,SOL,TRADER0094,241929.99,2026-08-01T11:05:52
TRD000096,KRAKEN,DOGE,TRADER0142,2801.17,2026-08-01T08:46:45
TRD000097,COINBASE,XRP,TRADER0251,196129.57,2026-08-01T13:52:44
TRD000098,BYBIT,XRP,TRADER0009,510.61,2026-08-01T10:47:13
TRD000099,OKX,SOL,TRADER0243,237502.96,2026-08-01T11:12:08
TRD000100,BYBIT,SOL,TRADER0157,1294.45,2026-08-01T10:52:19
TRD000101,BINANCE,DOGE,TRADER0095,395441.86,2026-08-01T13:21:59
TRD000102,OKX,DOGE,TRADER0145,433051.35,2026-08-01T10:04:14
TRD000103,KRAKEN,ETH,TRADER0155,313654.04,2026-08-01T08:24:51
TRD000104,BINANCE,DOGE,TRADER0150,150511.8,2026-08-01T08:56:01
TRD000105,BINANCE,DOGE,TRADER0146,2373.51,2026-08-01T08:28:03
TRD000106,KRAKEN,XRP,TRADER0059,4119.47,2026-08-01T13:15:07
TRD000107,BINANCE,ETH,TRADER0077,4065.15,2026-08-01T10:15:32
TRD000108,BINANCE,DOGE,TRADER0214,3051.27,2026-08-01T12:45:23
TRD000109,BYBIT,XRP,TRADER0227,335410.06,2026-08-01T10:46:46
TRD000110,OKX,DOGE,TRADER0031,3067.67,2026-08-01T13:41:36
TRD000111,COINBASE,SOL,TRADER0042,827.43,2026-08-01T09:25:29
TRD000112,BINANCE,XRP,TRADER0231,3462.39,2026-08-01T10:06:25
TRD000113,KRAKEN,SOL,TRADER0233,193369.52,2026-08-01T13:41:21
TRD000114,OKX,ETH,TRADER0218,618.14,2026-08-01T10:25:04
TRD000115,COINBASE,BTC,TRADER0031,223044.73,2026-08-01T11:59:50
TRD000116,BINANCE,XRP,TRADER0156,477070.5,2026-08-01T11:59:04
TRD000117,BINANCE,DOGE,TRADER0021,393813.57,2026-08-01T08:14:07
TRD000118,BINANCE,ETH,TRADER0295,108298.18,2026-08-01T13:14:42
TRD000119,BINANCE,ETH,TRADER0241,276891.76,2026-08-01T09:39:07
TRD000120,OKX,XRP,TRADER0252,288004.16,2026-08-01T11:02:01
TRD000121,KRAKEN,BTC,TRADER0083,377469.47,2026-08-01T11:38:42
TRD000122,OKX,BTC,TRADER0233,485.9,2026-08-01T11:40:44
TRD000123,OKX,BTC,TRADER0278,121681.63,2026-08-01T13:40:02
TRD000124,BYBIT,XRP,TRADER0027,319687.86,2026-08-01T11:59:16
TRD000125,BYBIT,BTC,TRADER0015,4867.08,2026-08-01T09:26:29
TRD000126,KRAKEN,DOGE,TRADER0008,2783.64,2026-08-01T12:12:00
TRD000127,BINANCE,ETH,TRADER0256,216744.62,2026-08-01T11:46:54
TRD000128,BYBIT,XRP,TRADER0125,2311.09,2026-08-01T13:27:20
TRD000129,OKX,ETH,TRADER0036,416002.47,2026-08-01T11:05:37
TRD000130,OKX,SOL,TRADER0002,219422.34,2026-08-01T09:21:09
TRD000131,BYBIT,DOGE,TRADER0248,320766.97,2026-08-01T12:08:40
TRD000132,KRAKEN,ETH,TRADER0123,193424.98,2026-08-01T08:23:50
TRD000133,KRAKEN,XRP,TRADER0196,1961.09,2026-08-01T12:30:30
TRD000134,BINANCE,ETH,TRADER0258,4828.5,2026-08-01T12:00:27
TRD000135,BINANCE,DOGE,TRADER0234,125.97,2026-08-01T08:40:51
TRD000136,BYBIT,SOL,TRADER0174,3135.13,2026-08-01T10:59:26
TRD000137,OKX,XRP,TRADER0163,,2026-08-01T12:55:28
TRD000138,BINANCE,DOGE,TRADER0036,373759.83,2026-08-01T10:04:14
TRD000139,BINANCE,XRP,TRADER0051,3813.83,2026-08-01T12:02:18
TRD000140,COINBASE,SOL,TRADER0015,418457.39,2026-08-01T11:15:46
TRD000141,KRAKEN,XRP,TRADER0075,1258.78,2026-08-01T09:32:50
TRD000142,COINBASE,BTC,TRADER0196,3117.57,2026-08-01T10:06:48
TRD000143,BYBIT,SOL,TRADER0236,103758.97,2026-08-01T10:37:05
TRD000144,OKX,ETH,TRADER0038,238226.25,2026-08-01T13:48:56
TRD000145,BYBIT,SOL,TRADER0234,179686.8,2026-08-01T12:23:53
TRD000146,BINANCE,ETH,TRADER0196,329924.77,2026-08-01T08:11:58
TRD000147,BYBIT,SOL,TRADER0005,2851.35,2026-08-01T13:31:10
TRD000148,BYBIT,SOL,TRADER0118,3054.97,2026-08-01T13:39:05
TRD000149,KRAKEN,ETH,TRADER0050,358536.24,2026-08-01T12:00:44
TRD000150,BINANCE,DOGE,TRADER0187,136053.35,2026-08-01T10:58:25
TRD000151,BYBIT,ETH,TRADER0103,315763.1,2026-08-01T12:49:54
TRD000152,OKX,SOL,TRADER0085,429875.93,2026-08-01T10:41:11
TRD000153,KRAKEN,BTC,TRADER0240,4816.32,2026-08-01T11:37:02
TRD000154,OKX,SOL,TRADER0047,3963.88,2026-08-01T12:08:22
TRD000155,KRAKEN,SOL,TRADER0300,355419.71,2026-08-01T08:59:10
TRD000156,COINBASE,XRP,TRADER0013,477267.65,2026-08-01T13:33:11
TRD000157,COINBASE,BTC,TRADER0238,220876.07,2026-08-01T09:03:43
TRD000158,COINBASE,BTC,TRADER0020,1556.6,2026-08-01T10:08:13
TRD000159,OKX,ETH,TRADER0199,368194.49,2026-08-01T13:20:45
TRD000160,COINBASE,XRP,TRADER0051,346260.89,2026-08-01T08:17:52
TRD000161,KRAKEN,ETH,TRADER0228,194445.06,2026-08-01T08:54:15
TRD000162,KRAKEN,DOGE,TRADER0184,349.72,2026-08-01T12:08:20
TRD000163,BINANCE,ETH,TRADER0011,300.36,2026-08-01T13:08:20
TRD000164,COINBASE,BTC,TRADER0284,1075.43,2026-08-01T10:59:26
TRD000165,COINBASE,DOGE,TRADER0002,1422.51,2026-08-01T12:55:01
TRD000166,KRAKEN,ETH,TRADER0057,3322.24,2026-08-01T11:15:38
TRD000167,COINBASE,DOGE,TRADER0166,128.12,2026-08-01T11:49:54
TRD000168,OKX,BTC,TRADER0033,2407.42,2026-08-01T12:06:51
TRD000169,OKX,ETH,TRADER0023,463500.68,2026-08-01T12:10:09
TRD000170,BINANCE,BTC,TRADER0246,4244.13,2026-08-01T12:27:45
TRD000171,BYBIT,BTC,TRADER0042,1644.45,2026-08-01T10:30:11
TRD000172,OKX,DOGE,TRADER0281,252361.76,2026-08-01T12:07:47
TRD000173,OKX,DOGE,TRADER0221,540.93,2026-08-01T11:54:52
TRD000174,BYBIT,ETH,TRADER0212,281399.56,2026-08-01T08:51:55
TRD000175,KRAKEN,XRP,TRADER0161,3342.28,2026-08-01T12:19:00
TRD000176,BINANCE,BTC,TRADER0044,138625.77,2026-08-01T09:11:03
TRD000177,OKX,BTC,TRADER0288,368005.31,2026-08-01T11:13:06
TRD000178,BYBIT,BTC,TRADER0148,3022.03,2026-08-01T09:24:30
TRD000179,BYBIT,ETH,TRADER0056,1783.06,2026-08-01T10:32:08
TRD000180,OKX,ETH,TRADER0220,4233.52,2026-08-01T13:32:35
TRD000181,KRAKEN,BTC,TRADER0093,404963.81,2026-08-01T11:11:42
TRD000182,BINANCE,ETH,TRADER0074,2853.29,2026-08-01T13:45:47
TRD000183,BINANCE,BTC,TRADER0272,267933.0,2026-08-01T09:25:57
TRD000184,KRAKEN,SOL,TRADER0167,3895.34,2026-08-01T08:28:43
TRD000185,COINBASE,ETH,TRADER0026,208841.14,2026-08-01T12:25:14
TRD000186,OKX,XRP,TRADER0213,1402.18,2026-08-01T11:08:30
TRD000187,BYBIT,BTC,TRADER0146,337253.7,2026-08-01T08:24:48
TRD000188,COINBASE,XRP,TRADER0029,88.05,2026-08-01T09:14:56
TRD000189,KRAKEN,SOL,TRADER0168,298954.13,2026-08-01T09:35:57
TRD000190,COINBASE,XRP,TRADER0273,300104.94,2026-08-01T08:39:21
TRD000191,BYBIT,BTC,TRADER0224,468464.97,2026-08-01T13:14:26
TRD000192,BYBIT,DOGE,TRADER0208,3562.02,2026-08-01T11:41:12
TRD000193,BINANCE,SOL,TRADER0088,347250.11,2026-08-01T08:48:07
TRD000194,BYBIT,BTC,TRADER0125,2206.6,2026-08-01T11:36:08
TRD000195,KRAKEN,SOL,TRADER0114,1698.69,2026-08-01T12:49:46
TRD000196,OKX,ETH,TRADER0179,1787.94,2026-08-01T10:09:02
TRD000197,BINANCE,ETH,TRADER0132,1026.5,2026-08-01T09:36:44
TRD000198,BYBIT,XRP,TRADER0289,279562.1,2026-08-01T13:42:32
TRD000199,KRAKEN,ETH,TRADER0226,276883.23,2026-08-01T10:30:00
TRD000200,OKX,BTC,TRADER0181,224163.14,2026-08-01T08:20:32
TRD000201,BINANCE,SOL,TRADER0147,429.82,2026-08-01T13:35:52
TRD000202,OKX,DOGE,TRADER0197,2340.42,2026-08-01T12:05:36
TRD000203,OKX,ETH,TRADER0165,3044.78,2026-08-01T12:06:02
TRD000204,BINANCE,SOL,TRADER0044,2547.52,2026-08-01T11:59:04
TRD000205,BYBIT,DOGE,TRADER0268,245559.18,2026-08-01T11:31:34
TRD000206,BYBIT,SOL,TRADER0027,3956.67,2026-08-01T11:00:03
TRD000207,BINANCE,DOGE,TRADER0198,1456.53,2026-08-01T11:02:03
TRD000208,BINANCE,DOGE,TRADER0073,224092.7,2026-08-01T09:10:25
TRD000209,OKX,BTC,TRADER0159,357397.31,2026-08-01T09:09:47
TRD000210,OKX,BTC,TRADER0217,107292.22,2026-08-01T09:38:26
TRD000211,,SOL,TRADER0249,1000.43,2026-08-01T08:42:08
TRD000212,KRAKEN,BTC,TRADER0260,3865.83,2026-08-01T11:03:55
TRD000213,OKX,ETH,TRADER0193,813.55,2026-08-01T11:59:01
TRD000214,BINANCE,XRP,TRADER0187,195012.08,2026-08-01T13:33:27
TRD000215,KRAKEN,XRP,TRADER0120,223787.16,2026-08-01T09:45:57
TRD000216,KRAKEN,DOGE,TRADER0226,212708.69,2026-08-01T12:34:39
TRD000217,OKX,XRP,TRADER0083,4093.61,2026-08-01T10:16:32
TRD000218,BINANCE,XRP,TRADER0191,2794.98,2026-08-01T10:35:40
TRD000219,BINANCE,ETH,TRADER0140,305341.1,2026-08-01T08:50:05
TRD000220,COINBASE,XRP,TRADER0179,265958.76,2026-08-01T12:34:09
TRD000221,KRAKEN,ETH,TRADER0198,4972.9,2026-08-01T10:54:02
TRD000222,BINANCE,SOL,TRADER0075,214751.76,2026-08-01T09:15:47
TRD000223,BYBIT,XRP,TRADER0003,4533.99,2026-08-01T09:21:39
TRD000224,OKX,DOGE,TRADER0271,2145.11,2026-08-01T10:44:28
TRD000225,BINANCE,BTC,TRADER0123,417559.64,2026-08-01T08:34:18
TRD000226,BINANCE,XRP,TRADER0275,131.35,2026-08-01T09:18:24
TRD000227,KRAKEN,XRP,TRADER0001,196225.7,2026-08-01T09:42:17
TRD000228,BINANCE,DOGE,TRADER0185,385.01,2026-08-01T11:33:14
TRD000229,BYBIT,BTC,TRADER0199,4906.15,2026-08-01T11:15:01
TRD000230,BINANCE,SOL,TRADER0124,351302.78,2026-08-01T09:12:51
TRD000231,BINANCE,SOL,TRADER0280,357118.25,2026-08-01T12:21:20
TRD000232,COINBASE,ETH,TRADER0033,3594.42,2026-08-01T10:40:15
TRD000233,COINBASE,BTC,TRADER0103,226238.33,2026-08-01T12:41:28
TRD000234,BYBIT,DOGE,TRADER0243,1303.9,2026-08-01T10:36:15
TRD000235,KRAKEN,BTC,TRADER0170,419736.96,2026-08-01T11:38:27
TRD000236,BYBIT,XRP,TRADER0174,298481.29,2026-08-01T11:20:37
TRD000237,OKX,SOL,TRADER0043,3649.05,2026-08-01T12:57:54
TRD000238,KRAKEN,SOL,TRADER0053,364367.69,2026-08-01T12:03:31
TRD000239,OKX,XRP,TRADER0086,3464.34,2026-08-01T11:12:32
TRD000240,OKX,XRP,TRADER0141,3215.37,2026-08-01T08:40:58
TRD000241,BYBIT,SOL,TRADER0263,4015.43,2026-08-01T09:17:58
TRD000242,OKX,XRP,TRADER0018,194398.15,2026-08-01T11:17:46
TRD000243,BYBIT,DOGE,TRADER0017,371624.82,2026-08-01T11:23:10
TRD000244,BYBIT,BTC,TRADER0294,246779.98,2026-08-01T13:54:44
TRD000245,KRAKEN,ETH,TRADER0059,174419.22,2026-08-01T13:06:44
TRD000246,BINANCE,SOL,TRADER0134,185828.17,2026-08-01T12:28:15
TRD000247,COINBASE,BTC,TRADER0070,280817.07,2026-08-01T08:47:56
TRD000248,KRAKEN,SOL,TRADER0034,216144.91,2026-08-01T09:26:01
TRD000249,COINBASE,SOL,TRADER0261,1160.0,2026-08-01T10:09:17
TRD000250,BYBIT,BTC,TRADER0185,2792.41,2026-08-01T13:34:12
TRD000251,BINANCE,BTC,TRADER0159,386773.44,2026-08-01T12:47:05
TRD000252,BYBIT,XRP,TRADER0295,415.07,2026-08-01T12:05:44
TRD000253,BYBIT,DOGE,TRADER0177,685.26,2026-08-01T09:10:28
TRD000254,BYBIT,DOGE,TRADER0029,307240.85,2026-08-01T09:29:55
TRD000255,COINBASE,SOL,TRADER0116,476361.62,2026-08-01T08:43:04
TRD000256,KRAKEN,ETH,TRADER0283,1408.53,2026-08-01T12:34:28
TRD000257,COINBASE,DOGE,TRADER0298,363493.15,2026-08-01T13:07:48
TRD000258,BINANCE,BTC,TRADER0042,356581.49,2026-08-01T13:55:36
TRD000259,COINBASE,DOGE,TRADER0214,112114.36,2026-08-01T13:50:34
TRD000260,KRAKEN,XRP,TRADER0126,373996.34,2026-08-01T12:07:41
TRD000261,BINANCE,BTC,TRADER0081,2226.05,2026-08-01T11:05:47
TRD000262,OKX,ETH,TRADER0161,227726.56,2026-08-01T11:37:45
TRD000263,COINBASE,SOL,TRADER0264,227646.35,2026-08-01T09:06:54
TRD000264,KRAKEN,XRP,TRADER0127,120242.12,2026-08-01T13:36:04
TRD000265,BYBIT,ETH,TRADER0082,473500.61,2026-08-01T09:43:40
TRD000266,COINBASE,XRP,TRADER0264,451630.27,2026-08-01T08:12:39
TRD000267,BINANCE,XRP,TRADER0259,196291.46,2026-08-01T08:26:34
TRD000268,BINANCE,SOL,TRADER0254,437139.86,2026-08-01T10:36:03
TRD000269,OKX,BTC,TRADER0056,452982.29,2026-08-01T11:40:13
TRD000270,KRAKEN,BTC,TRADER0206,324726.75,2026-08-01T13:02:08
TRD000271,KRAKEN,BTC,TRADER0198,405761.65,2026-08-01T13:40:22
TRD000272,OKX,BTC,TRADER0066,257561.49,2026-08-01T13:04:39
TRD000273,KRAKEN,ETH,TRADER0102,3032.19,2026-08-01T08:24:44
TRD000274,BINANCE,ETH,TRADER0171,,2026-08-01T13:31:05
TRD000275,OKX,ETH,TRADER0168,227412.01,2026-08-01T13:36:41
TRD000276,KRAKEN,DOGE,TRADER0173,303885.64,2026-08-01T13:07:25
TRD000277,KRAKEN,XRP,TRADER0009,369522.56,2026-08-01T13:18:46
TRD000278,KRAKEN,BTC,TRADER0243,1364.38,2026-08-01T08:28:02
TRD000279,OKX,XRP,TRADER0088,388473.13,2026-08-01T09:20:42
TRD000280,COINBASE,BTC,TRADER0294,4743.62,2026-08-01T12:00:51
TRD000281,KRAKEN,XRP,TRADER0078,181556.67,2026-08-01T08:34:00
TRD000282,COINBASE,DOGE,TRADER0107,499249.15,2026-08-01T12:46:58
TRD000283,BYBIT,SOL,TRADER0089,313250.83,2026-08-01T13:51:19
TRD000284,KRAKEN,DOGE,TRADER0248,198607.65,2026-08-01T10:02:48
TRD000285,KRAKEN,SOL,TRADER0107,295601.23,2026-08-01T11:10:29
TRD000286,OKX,SOL,TRADER0148,370648.9,2026-08-01T11:35:28
TRD000287,KRAKEN,ETH,TRADER0149,258.23,2026-08-01T11:09:09
TRD000288,BYBIT,SOL,TRADER0246,431180.68,2026-08-01T13:06:56
TRD000289,KRAKEN,ETH,TRADER0056,3097.6,2026-08-01T08:27:43
TRD000290,OKX,ETH,TRADER0120,265320.55,2026-08-01T08:54:54
TRD000291,COINBASE,BTC,TRADER0282,163176.43,2026-08-01T12:20:45
TRD000292,COINBASE,SOL,TRADER0165,1462.81,2026-08-01T13:56:14
TRD000293,OKX,ETH,TRADER0274,3706.5,2026-08-01T09:35:36
TRD000294,BYBIT,ETH,TRADER0019,258797.83,2026-08-01T09:41:45
TRD000295,KRAKEN,BTC,TRADER0005,341113.19,2026-08-01T10:35:24
TRD000296,BYBIT,DOGE,TRADER0269,475424.2,2026-08-01T10:29:00
TRD000297,COINBASE,BTC,TRADER0170,283565.79,2026-08-01T09:41:41
TRD000298,BINANCE,SOL,TRADER0152,2860.52,2026-08-01T13:33:39
TRD000299,BYBIT,XRP,TRADER0264,1673.24,2026-08-01T09:40:54
TRD000300,COINBASE,XRP,TRADER0166,102732.05,2026-08-01T10:08:37
TRD000301,BYBIT,SOL,TRADER0169,1544.63,2026-08-01T10:22:50
TRD000302,KRAKEN,ETH,TRADER0032,3355.54,2026-08-01T11:41:24
TRD000303,OKX,SOL,TRADER0061,476254.25,2026-08-01T13:35:40
TRD000304,COINBASE,ETH,TRADER0069,281991.47,2026-08-01T11:47:06
TRD000305,OKX,XRP,TRADER0276,4019.88,2026-08-01T13:25:23
TRD000306,BINANCE,DOGE,TRADER0229,2664.46,2026-08-01T08:33:43
TRD000307,OKX,DOGE,TRADER0104,159940.95,2026-08-01T12:44:10
TRD000308,BYBIT,BTC,TRADER0106,295531.19,2026-08-01T08:30:23
TRD000309,BYBIT,ETH,TRADER0263,325564.47,2026-08-01T10:48:18
TRD000310,BINANCE,XRP,TRADER0131,4091.44,2026-08-01T08:24:44
TRD000311,BYBIT,SOL,TRADER0033,2728.76,2026-08-01T12:17:48
TRD000312,BINANCE,SOL,TRADER0210,154171.55,2026-08-01T11:24:30
TRD000313,BYBIT,XRP,TRADER0194,1909.45,2026-08-01T13:56:55
TRD000314,KRAKEN,BTC,TRADER0092,4964.59,2026-08-01T10:01:37
TRD000315,BINANCE,BTC,TRADER0153,387637.59,2026-08-01T12:50:30
TRD000316,BYBIT,ETH,TRADER0127,2330.1,2026-08-01T09:01:37
TRD000317,BINANCE,XRP,TRADER0009,1241.3,2026-08-01T12:03:48
TRD000318,OKX,BTC,TRADER0126,3715.68,2026-08-01T12:54:46
TRD000319,COINBASE,BTC,TRADER0072,215705.38,2026-08-01T13:15:22
TRD000320,OKX,SOL,TRADER0122,1543.73,2026-08-01T11:45:51
TRD000321,KRAKEN,SOL,TRADER0032,2805.75,2026-08-01T13:41:52
TRD000322,BYBIT,DOGE,TRADER0254,237765.93,2026-08-01T12:46:25
TRD000323,KRAKEN,XRP,TRADER0210,250584.08,2026-08-01T10:11:36
TRD000324,COINBASE,SOL,TRADER0074,465896.47,2026-08-01T11:47:28
TRD000325,OKX,DOGE,TRADER0069,201998.26,2026-08-01T13:53:11
TRD000326,BINANCE,XRP,TRADER0190,507.7,2026-08-01T08:28:08
TRD000327,KRAKEN,XRP,TRADER0021,4374.42,2026-08-01T12:21:48
TRD000328,COINBASE,SOL,TRADER0156,4787.25,2026-08-01T09:04:04
TRD000329,BYBIT,ETH,TRADER0105,195732.38,2026-08-01T10:34:35
TRD000330,BYBIT,XRP,TRADER0274,223368.91,2026-08-01T12:40:03
TRD000331,BYBIT,XRP,TRADER0051,388965.43,2026-08-01T09:50:56
TRD000332,KRAKEN,SOL,TRADER0212,276.29,2026-08-01T08:08:51
TRD000333,KRAKEN,DOGE,TRADER0300,2916.76,2026-08-01T09:47:08
TRD000334,KRAKEN,ETH,TRADER0195,198292.01,2026-08-01T10:20:32
TRD000335,BYBIT,XRP,TRADER0236,882.76,2026-08-01T09:16:26
TRD000336,OKX,XRP,TRADER0095,4588.65,2026-08-01T12:46:08
TRD000337,BINANCE,BTC,TRADER0025,3833.48,2026-08-01T08:37:07
TRD000338,COINBASE,BTC,TRADER0112,249280.28,2026-08-01T12:26:26
TRD000339,BINANCE,BTC,TRADER0273,104740.39,2026-08-01T12:52:35
TRD000340,KRAKEN,BTC,TRADER0258,4075.13,2026-08-01T08:58:26
TRD000341,BINANCE,DOGE,TRADER0077,347912.34,2026-08-01T11:13:34
TRD000342,KRAKEN,XRP,TRADER0041,1896.61,2026-08-01T10:03:20
TRD000343,KRAKEN,BTC,TRADER0017,251705.61,2026-08-01T08:30:38
TRD000344,BINANCE,ETH,TRADER0043,273563.86,2026-08-01T13:09:01
TRD000345,BINANCE,DOGE,TRADER0022,460509.18,2026-08-01T10:28:03
TRD000346,BINANCE,BTC,TRADER0144,4501.59,2026-08-01T09:37:57
TRD000347,KRAKEN,BTC,TRADER0107,400901.79,2026-08-01T08:42:01
TRD000348,KRAKEN,ETH,TRADER0289,433860.22,2026-08-01T12:55:13
TRD000349,KRAKEN,XRP,TRADER0072,3962.97,2026-08-01T12:33:29
TRD000350,KRAKEN,BTC,TRADER0051,435469.86,2026-08-01T13:30:30
TRD000351,OKX,DOGE,TRADER0204,230550.66,2026-08-01T12:06:03
TRD000352,BYBIT,ETH,TRADER0183,2787.54,2026-08-01T13:19:57
TRD000353,BYBIT,BTC,TRADER0152,4000.37,2026-08-01T10:26:20
TRD000354,COINBASE,XRP,TRADER0079,3711.29,2026-08-01T08:49:58
TRD000355,BINANCE,SOL,TRADER0228,1831.59,2026-08-01T08:47:40
TRD000356,COINBASE,XRP,TRADER0230,2807.08,2026-08-01T08:14:20
TRD000357,BINANCE,SOL,TRADER0284,339217.52,2026-08-01T11:30:23
TRD000358,BINANCE,SOL,TRADER0212,1969.61,2026-08-01T13:12:21
TRD000359,OKX,ETH,TRADER0195,207567.59,2026-08-01T12:29:18
TRD000360,COINBASE,BTC,TRADER0086,268440.94,2026-08-01T08:42:00
TRD000361,KRAKEN,SOL,TRADER0127,3618.45,2026-08-01T12:10:03
TRD000362,BINANCE,ETH,TRADER0156,258276.79,2026-08-01T10:59:58
TRD000363,BYBIT,SOL,TRADER0221,4086.6,2026-08-01T10:44:04
TRD000364,KRAKEN,DOGE,TRADER0103,171054.91,2026-08-01T10:54:17
TRD000365,KRAKEN,XRP,TRADER0295,230354.49,2026-08-01T11:34:35
TRD000366,KRAKEN,BTC,TRADER0289,1039.01,2026-08-01T13:00:25
TRD000367,BINANCE,XRP,TRADER0108,2220.35,2026-08-01T11:43:26
TRD000368,BYBIT,ETH,TRADER0156,363465.19,2026-08-01T11:25:53
TRD000369,BINANCE,XRP,TRADER0246,313746.96,2026-08-01T12:56:54
TRD000370,BINANCE,SOL,TRADER0275,2989.41,2026-08-01T10:15:34
TRD000371,KRAKEN,ETH,TRADER0023,358012.48,2026-08-01T11:01:05
TRD000372,BYBIT,BTC,TRADER0006,538.1,2026-08-01T12:03:27
TRD000373,KRAKEN,XRP,TRADER0238,3873.09,2026-08-01T11:08:23
TRD000374,BINANCE,XRP,TRADER0054,1512.39,2026-08-01T09:03:23
TRD000375,COINBASE,SOL,TRADER0160,413708.0,2026-08-01T11:10:13
TRD000376,BYBIT,BTC,TRADER0225,3623.87,2026-08-01T10:43:59
TRD000377,BINANCE,BTC,TRADER0012,4253.44,2026-08-01T10:13:12
TRD000378,OKX,ETH,TRADER0283,323939.58,2026-08-01T10:06:37
TRD000379,BYBIT,ETH,TRADER0096,3220.37,2026-08-01T13:35:23
TRD000380,COINBASE,XRP,TRADER0220,1974.74,2026-08-01T10:32:00
TRD000381,BINANCE,DOGE,TRADER0053,314755.6,2026-08-01T10:58:01
TRD000382,COINBASE,XRP,TRADER0059,445054.62,2026-08-01T13:26:01
TRD000383,BYBIT,DOGE,TRADER0201,239169.85,2026-08-01T13:37:09
TRD000384,COINBASE,SOL,TRADER0044,3376.94,2026-08-01T10:46:46
TRD000385,BINANCE,ETH,TRADER0192,304329.95,2026-08-01T13:25:43
TRD000386,COINBASE,DOGE,TRADER0197,2144.04,2026-08-01T13:03:03
TRD000387,COINBASE,XRP,TRADER0148,225832.01,2026-08-01T13:38:16
TRD000388,BINANCE,SOL,TRADER0005,178051.4,2026-08-01T13:06:41
TRD000389,OKX,XRP,TRADER0210,266252.17,2026-08-01T12:26:53
TRD000390,COINBASE,BTC,TRADER0290,404422.65,2026-08-01T08:17:51
TRD000391,KRAKEN,ETH,TRADER0276,412296.08,2026-08-01T13:00:13
TRD000392,OKX,BTC,TRADER0294,410045.21,2026-08-01T12:56:01
TRD000393,BINANCE,XRP,TRADER0280,1131.78,2026-08-01T10:42:35
TRD000394,BINANCE,XRP,TRADER0135,426691.43,2026-08-01T09:04:06
TRD000395,COINBASE,ETH,TRADER0180,344104.72,2026-08-01T09:30:38
TRD000396,OKX,ETH,TRADER0106,422176.2,2026-08-01T12:50:41
TRD000397,KRAKEN,DOGE,TRADER0276,491600.06,2026-08-01T10:38:00
TRD000398,OKX,SOL,TRADER0264,4928.17,2026-08-01T09:14:02
TRD000399,BYBIT,BTC,TRADER0142,4341.89,2026-08-01T10:16:21
TRD000400,COINBASE,SOL,TRADER0127,370493.82,2026-08-01T09:17:38
TRD000401,OKX,SOL,TRADER0213,1907.1,2026-08-01T11:40:00
TRD000402,OKX,SOL,TRADER0189,2300.74,2026-08-01T08:50:52
TRD000403,BYBIT,SOL,TRADER0033,259086.35,2026-08-01T09:55:41
TRD000404,BYBIT,SOL,TRADER0166,4150.3,2026-08-01T13:09:11
TRD000405,BYBIT,SOL,TRADER0025,350471.81,2026-08-01T08:08:53
TRD000406,BINANCE,ETH,TRADER0226,496735.3,2026-08-01T09:50:29
TRD000407,COINBASE,SOL,TRADER0082,4378.4,2026-08-01T13:57:29
TRD000408,KRAKEN,SOL,TRADER0043,1890.63,2026-08-01T08:28:16
TRD000409,BYBIT,SOL,TRADER0120,2174.69,2026-08-01T08:00:35
TRD000410,COINBASE,XRP,TRADER0040,190476.34,2026-08-01T08:05:04
TRD000411,BINANCE,SOL,TRADER0062,,2026-08-01T12:20:53
TRD000412,BINANCE,ETH,TRADER0197,492.19,2026-08-01T10:51:07
TRD000413,KRAKEN,SOL,TRADER0071,1944.47,2026-08-01T13:50:23
TRD000414,COINBASE,BTC,TRADER0272,2838.29,2026-08-01T12:00:21
TRD000415,KRAKEN,ETH,TRADER0078,346430.41,2026-08-01T09:58:38
TRD000416,BINANCE,BTC,TRADER0072,335829.57,2026-08-01T11:11:59
TRD000417,BYBIT,SOL,TRADER0072,1276.54,2026-08-01T13:02:13
TRD000418,OKX,DOGE,TRADER0146,376190.43,2026-08-01T09:52:12
TRD000419,OKX,DOGE,TRADER0261,983.8,2026-08-01T10:10:42
TRD000420,BYBIT,XRP,TRADER0058,1243.35,2026-08-01T12:48:30
TRD000421,BINANCE,SOL,TRADER0163,444325.6,2026-08-01T11:19:33
TRD000422,,ETH,TRADER0242,4774.54,2026-08-01T13:20:46
TRD000423,BINANCE,BTC,TRADER0135,469031.72,2026-08-01T12:36:40
TRD000424,KRAKEN,DOGE,TRADER0213,2146.7,2026-08-01T10:31:32
TRD000425,BINANCE,SOL,TRADER0041,2580.96,2026-08-01T12:52:56
TRD000426,KRAKEN,XRP,TRADER0034,1585.34,2026-08-01T08:31:37
TRD000427,COINBASE,BTC,TRADER0223,624.13,2026-08-01T10:48:54
TRD000428,COINBASE,BTC,TRADER0007,3554.11,2026-08-01T12:31:06
TRD000429,KRAKEN,DOGE,TRADER0265,3925.79,2026-08-01T11:23:05
TRD000430,COINBASE,SOL,TRADER0061,111742.5,2026-08-01T10:28:32
TRD000431,OKX,BTC,TRADER0135,3576.0,2026-08-01T12:30:57
TRD000432,BYBIT,DOGE,TRADER0185,324.42,2026-08-01T11:20:48
TRD000433,COINBASE,SOL,TRADER0053,4476.63,2026-08-01T10:04:44
TRD000434,OKX,BTC,TRADER0023,4300.51,2026-08-01T12:17:38
TRD000435,KRAKEN,XRP,TRADER0077,935.86,2026-08-01T13:01:56
TRD000436,BYBIT,ETH,TRADER0165,466341.91,2026-08-01T10:28:08
TRD000437,BINANCE,DOGE,TRADER0191,641.03,2026-08-01T09:37:56
TRD000438,COINBASE,DOGE,TRADER0024,127570.58,2026-08-01T10:34:10
TRD000439,KRAKEN,SOL,TRADER0045,2787.8,2026-08-01T10:39:14
TRD000440,OKX,SOL,TRADER0125,336676.37,2026-08-01T09:46:43
TRD000441,OKX,ETH,TRADER0078,81.57,2026-08-01T12:55:45
TRD000442,KRAKEN,BTC,TRADER0172,362921.54,2026-08-01T08:56:46
TRD000443,COINBASE,DOGE,TRADER0122,2128.09,2026-08-01T10:32:49
TRD000444,BINANCE,BTC,TRADER0119,307903.69,2026-08-01T12:10:22
TRD000445,BINANCE,DOGE,TRADER0049,354886.27,2026-08-01T08:40:52
TRD000446,OKX,DOGE,TRADER0032,2203.17,2026-08-01T10:39:17
TRD000447,KRAKEN,SOL,TRADER0202,394141.15,2026-08-01T12:07:15
TRD000448,KRAKEN,ETH,TRADER0039,4720.6,2026-08-01T09:24:52
TRD000449,BINANCE,ETH,TRADER0231,262605.02,2026-08-01T09:53:23
TRD000450,BYBIT,SOL,TRADER0238,1361.79,2026-08-01T10:46:08
TRD000451,OKX,BTC,TRADER0111,4187.83,2026-08-01T10:15:33
TRD000452,KRAKEN,XRP,TRADER0263,292.31,2026-08-01T08:16:58
TRD000453,BYBIT,XRP,TRADER0285,199941.05,2026-08-01T08:55:39
TRD000454,COINBASE,BTC,TRADER0007,355.26,2026-08-01T09:11:23
TRD000455,COINBASE,XRP,TRADER0191,3447.11,2026-08-01T13:18:01
TRD000456,OKX,SOL,TRADER0039,125788.81,2026-08-01T09:10:20
TRD000457,BINANCE,SOL,TRADER0063,261.35,2026-08-01T13:13:25
TRD000458,BYBIT,XRP,TRADER0255,195.94,2026-08-01T11:13:18
TRD000459,COINBASE,ETH,TRADER0141,1435.28,2026-08-01T13:35:23
TRD000460,OKX,DOGE,TRADER0126,299556.64,2026-08-01T08:33:18
TRD000461,BINANCE,SOL,TRADER0197,729.32,2026-08-01T13:44:28
TRD000462,OKX,BTC,TRADER0196,243644.84,2026-08-01T11:07:53
TRD000463,OKX,DOGE,TRADER0165,171926.35,2026-08-01T13:26:06
TRD000464,COINBASE,BTC,TRADER0144,496612.53,2026-08-01T13:18:56
TRD000465,COINBASE,ETH,TRADER0052,1276.89,2026-08-01T09:59:49
TRD000466,OKX,XRP,TRADER0182,4679.27,2026-08-01T09:36:10
TRD000467,COINBASE,DOGE,TRADER0163,4040.74,2026-08-01T11:12:03
TRD000468,OKX,DOGE,TRADER0073,175293.47,2026-08-01T12:56:04
TRD000469,KRAKEN,ETH,TRADER0252,237.92,2026-08-01T08:10:53
TRD000470,OKX,XRP,TRADER0001,1692.08,2026-08-01T11:06:05
TRD000471,COINBASE,SOL,TRADER0031,158.47,2026-08-01T09:00:34
TRD000472,OKX,SOL,TRADER0038,476769.29,2026-08-01T13:20:02
TRD000473,BINANCE,SOL,TRADER0155,490344.27,2026-08-01T13:49:07
TRD000474,BYBIT,SOL,TRADER0090,324790.92,2026-08-01T10:01:55
TRD000475,OKX,ETH,TRADER0194,1568.77,2026-08-01T09:37:03
TRD000476,BINANCE,DOGE,TRADER0201,4261.25,2026-08-01T09:39:26
TRD000477,OKX,SOL,TRADER0114,141644.09,2026-08-01T09:16:48
TRD000478,KRAKEN,BTC,TRADER0122,1766.71,2026-08-01T13:49:02
TRD000479,KRAKEN,XRP,TRADER0006,1362.8,2026-08-01T11:11:24
TRD000480,KRAKEN,BTC,TRADER0001,275288.06,2026-08-01T09:30:50
TRD000481,BYBIT,XRP,TRADER0194,250139.03,2026-08-01T13:15:41
TRD000482,COINBASE,ETH,TRADER0232,438304.99,2026-08-01T08:10:57
TRD000483,KRAKEN,SOL,TRADER0054,168042.08,2026-08-01T09:27:52
TRD000484,BINANCE,DOGE,TRADER0048,494110.44,2026-08-01T08:16:55
TRD000485,BYBIT,ETH,TRADER0223,827.66,2026-08-01T09:43:45
TRD000486,BYBIT,DOGE,TRADER0277,1363.06,2026-08-01T08:52:22
TRD000487,BINANCE,XRP,TRADER0293,2770.83,2026-08-01T11:17:03
TRD000488,BINANCE,XRP,TRADER0045,364808.09,2026-08-01T09:49:02
TRD000489,BINANCE,BTC,TRADER0106,895.62,2026-08-01T12:18:37
TRD000490,BINANCE,SOL,TRADER0204,457950.99,2026-08-01T08:49:46
TRD000491,OKX,XRP,TRADER0095,1886.55,2026-08-01T12:03:27
TRD000492,BINANCE,SOL,TRADER0226,190496.91,2026-08-01T13:08:09
TRD000493,BINANCE,ETH,TRADER0050,237516.55,2026-08-01T13:22:04
TRD000494,COINBASE,DOGE,TRADER0032,427362.09,2026-08-01T12:52:27
TRD000495,BYBIT,DOGE,TRADER0121,2407.5,2026-08-01T12:34:12
TRD000496,OKX,DOGE,TRADER0293,3403.8,2026-08-01T12:05:14
TRD000497,COINBASE,ETH,TRADER0109,150474.4,2026-08-01T08:42:47
TRD000498,BYBIT,ETH,TRADER0076,4178.84,2026-08-01T08:47:31
TRD000499,BYBIT,DOGE,TRADER0204,442649.67,2026-08-01T08:06:45
TRD000500,OKX,DOGE,TRADER0268,3919.34,2026-08-01T09:20:56
TRD000501,OKX,DOGE,TRADER0299,3803.97,2026-08-01T13:07:18
TRD000502,BINANCE,SOL,TRADER0275,451157.43,2026-08-01T11:29:11
TRD000503,BYBIT,DOGE,TRADER0243,235.46,2026-08-01T13:37:38
TRD000504,OKX,XRP,TRADER0020,2009.17,2026-08-01T08:26:55
TRD000505,BYBIT,SOL,TRADER0191,426954.37,2026-08-01T10:49:49
TRD000506,KRAKEN,XRP,TRADER0051,191182.97,2026-08-01T12:01:59
TRD000507,KRAKEN,SOL,TRADER0214,135714.74,2026-08-01T09:55:26
TRD000508,BYBIT,XRP,TRADER0265,4342.59,2026-08-01T08:35:50
TRD000509,KRAKEN,DOGE,TRADER0207,721.47,2026-08-01T09:34:53
TRD000510,COINBASE,ETH,TRADER0030,282579.47,2026-08-01T09:48:44
TRD000511,KRAKEN,SOL,TRADER0238,2550.38,2026-08-01T08:16:41
TRD000512,COINBASE,SOL,TRADER0251,171033.48,2026-08-01T13:20:30
TRD000513,OKX,SOL,TRADER0177,859.39,2026-08-01T10:35:41
TRD000514,BINANCE,XRP,TRADER0026,856.39,2026-08-01T10:00:53
TRD000515,COINBASE,ETH,TRADER0138,3275.36,2026-08-01T12:18:55
TRD000516,COINBASE,ETH,TRADER0005,343337.55,2026-08-01T13:51:01
TRD000517,KRAKEN,XRP,TRADER0193,4265.35,2026-08-01T12:14:52
TRD000518,KRAKEN,DOGE,TRADER0204,102939.03,2026-08-01T13:06:37
TRD000519,OKX,DOGE,TRADER0145,1527.46,2026-08-01T11:03:39
TRD000520,KRAKEN,SOL,TRADER0142,384437.51,2026-08-01T09:42:52
TRD000521,COINBASE,DOGE,TRADER0124,422171.93,2026-08-01T10:54:32
TRD000522,COINBASE,BTC,TRADER0255,203770.51,2026-08-01T11:40:57
TRD000523,BYBIT,BTC,TRADER0299,3554.94,2026-08-01T11:07:24
TRD000524,COINBASE,DOGE,TRADER0244,368747.39,2026-08-01T09:32:50
TRD000525,OKX,ETH,TRADER0151,151177.66,2026-08-01T13:05:18
TRD000526,COINBASE,SOL,TRADER0046,189331.17,2026-08-01T11:49:38
TRD000527,KRAKEN,SOL,TRADER0134,2948.57,2026-08-01T12:16:58
TRD000528,BINANCE,DOGE,TRADER0298,4724.29,2026-08-01T12:33:19
TRD000529,BINANCE,XRP,TRADER0272,1526.86,2026-08-01T09:15:01
TRD000530,COINBASE,SOL,TRADER0210,457138.05,2026-08-01T09:18:13
TRD000531,KRAKEN,ETH,TRADER0042,2463.53,2026-08-01T10:51:09
TRD000532,BINANCE,BTC,TRADER0232,1403.96,2026-08-01T13:14:43
TRD000533,COINBASE,XRP,TRADER0046,273484.57,2026-08-01T11:40:18
TRD000534,BYBIT,XRP,TRADER0197,313513.04,2026-08-01T08:07:41
TRD000535,KRAKEN,DOGE,TRADER0098,138.68,2026-08-01T10:03:34
TRD000536,KRAKEN,SOL,TRADER0067,301334.59,2026-08-01T09:31:12
TRD000537,BINANCE,BTC,TRADER0153,282370.52,2026-08-01T11:56:50
TRD000538,COINBASE,SOL,TRADER0251,175370.41,2026-08-01T08:10:26
TRD000539,COINBASE,ETH,TRADER0068,1095.39,2026-08-01T09:07:15
TRD000540,KRAKEN,BTC,TRADER0193,4388.89,2026-08-01T13:24:21
TRD000541,BINANCE,BTC,TRADER0011,146315.93,2026-08-01T11:27:40
TRD000542,BINANCE,DOGE,TRADER0130,2398.26,2026-08-01T10:44:26
TRD000543,BYBIT,BTC,TRADER0267,1386.39,2026-08-01T11:48:44
TRD000544,BINANCE,DOGE,TRADER0061,413904.03,2026-08-01T09:48:29
TRD000545,OKX,ETH,TRADER0135,489247.89,2026-08-01T11:43:46
TRD000546,KRAKEN,ETH,TRADER0021,464142.65,2026-08-01T11:00:33
TRD000547,COINBASE,BTC,TRADER0007,462752.02,2026-08-01T09:21:27
TRD000548,BINANCE,DOGE,TRADER0039,,2026-08-01T13:51:53
TRD000549,COINBASE,XRP,TRADER0152,1357.42,2026-08-01T08:21:32
TRD000550,KRAKEN,SOL,TRADER0161,2158.68,2026-08-01T08:05:16
TRD000551,COINBASE,ETH,TRADER0169,275085.81,2026-08-01T08:50:45
TRD000552,KRAKEN,SOL,TRADER0094,260100.09,2026-08-01T10:28:27
TRD000553,BYBIT,XRP,TRADER0216,3261.79,2026-08-01T09:12:22
TRD000554,BINANCE,ETH,TRADER0054,336300.12,2026-08-01T09:38:59
TRD000555,OKX,XRP,TRADER0184,3076.22,2026-08-01T12:23:49
TRD000556,BYBIT,BTC,TRADER0211,125334.42,2026-08-01T08:06:45
TRD000557,OKX,DOGE,TRADER0290,482304.57,2026-08-01T12:43:29
TRD000558,OKX,DOGE,TRADER0049,390660.79,2026-08-01T11:08:49
TRD000559,BYBIT,ETH,TRADER0286,4465.71,2026-08-01T13:51:22
TRD000560,COINBASE,DOGE,TRADER0241,4266.76,2026-08-01T12:28:30
TRD000561,KRAKEN,ETH,TRADER0170,4852.22,2026-08-01T13:00:38
TRD000562,BYBIT,XRP,TRADER0121,277675.55,2026-08-01T08:48:04
TRD000563,BYBIT,XRP,TRADER0162,637.6,2026-08-01T08:56:03
TRD000564,BYBIT,XRP,TRADER0019,2807.8,2026-08-01T13:29:58
TRD000565,OKX,SOL,TRADER0261,361838.39,2026-08-01T11:06:09
TRD000566,KRAKEN,BTC,TRADER0115,232789.05,2026-08-01T13:58:54
TRD000567,KRAKEN,XRP,TRADER0059,532.31,2026-08-01T11:06:25
TRD000568,KRAKEN,SOL,TRADER0281,2633.83,2026-08-01T09:29:39
TRD000569,BYBIT,ETH,TRADER0210,579.46,2026-08-01T09:05:56
TRD000570,BYBIT,ETH,TRADER0235,176231.51,2026-08-01T08:58:51
TRD000571,BYBIT,BTC,TRADER0064,3872.12,2026-08-01T12:32:25
TRD000572,BINANCE,DOGE,TRADER0025,273124.15,2026-08-01T12:37:37
TRD000573,COINBASE,DOGE,TRADER0089,151352.71,2026-08-01T13:59:05
TRD000574,OKX,DOGE,TRADER0165,2545.35,2026-08-01T10:29:25
TRD000575,BYBIT,SOL,TRADER0151,153348.73,2026-08-01T13:29:03
TRD000576,OKX,SOL,TRADER0281,4310.5,2026-08-01T09:49:42
TRD000577,COINBASE,DOGE,TRADER0149,3448.73,2026-08-01T13:55:02
TRD000578,COINBASE,DOGE,TRADER0278,3486.84,2026-08-01T11:12:22
TRD000579,OKX,XRP,TRADER0299,366862.9,2026-08-01T12:51:34
TRD000580,KRAKEN,XRP,TRADER0007,2637.51,2026-08-01T08:28:58
TRD000581,BINANCE,ETH,TRADER0137,164374.16,2026-08-01T10:16:50
TRD000582,COINBASE,BTC,TRADER0152,316468.83,2026-08-01T12:07:10
TRD000583,BINANCE,DOGE,TRADER0288,396965.09,2026-08-01T10:09:45
TRD000584,OKX,SOL,TRADER0025,255021.86,2026-08-01T13:01:32
TRD000585,BINANCE,BTC,TRADER0129,447539.98,2026-08-01T10:03:10
TRD000586,KRAKEN,DOGE,TRADER0280,3705.33,2026-08-01T10:40:39
TRD000587,BYBIT,ETH,TRADER0039,975.53,2026-08-01T11:26:00
TRD000588,BINANCE,XRP,TRADER0143,152026.61,2026-08-01T08:03:04
TRD000589,KRAKEN,XRP,TRADER0080,247.71,2026-08-01T13:41:32
TRD000590,OKX,SOL,TRADER0252,3960.05,2026-08-01T10:53:35
TRD000591,OKX,ETH,TRADER0095,2627.0,2026-08-01T11:47:09
TRD000592,OKX,DOGE,TRADER0207,505.13,2026-08-01T11:01:15
TRD000593,KRAKEN,SOL,TRADER0151,401062.28,2026-08-01T13:06:33
TRD000594,BINANCE,BTC,TRADER0178,2256.05,2026-08-01T08:21:46
TRD000595,KRAKEN,XRP,TRADER0059,316094.93,2026-08-01T08:13:29
TRD000596,OKX,SOL,TRADER0264,4023.94,2026-08-01T10:41:53
TRD000597,COINBASE,SOL,TRADER0264,457.61,2026-08-01T13:42:23
TRD000598,BINANCE,ETH,TRADER0110,4331.51,2026-08-01T09:52:16
TRD000599,OKX,XRP,TRADER0037,161501.83,2026-08-01T11:01:09
TRD000600,BINANCE,BTC,TRADER0038,318.63,2026-08-01T13:14:00
TRD000601,COINBASE,SOL,TRADER0209,352086.91,2026-08-01T10:52:47
TRD000602,BINANCE,XRP,TRADER0061,2697.43,2026-08-01T13:19:49
TRD000603,BINANCE,BTC,TRADER0184,142454.22,2026-08-01T13:31:15
TRD000604,BINANCE,SOL,TRADER0225,1938.0,2026-08-01T12:18:51
TRD000605,COINBASE,DOGE,TRADER0113,256397.03,2026-08-01T13:46:16
TRD000606,COINBASE,SOL,TRADER0192,4789.09,2026-08-01T09:07:18
TRD000607,BINANCE,BTC,TRADER0294,3003.44,2026-08-01T10:46:24
TRD000608,COINBASE,SOL,TRADER0109,2092.64,2026-08-01T09:27:54
TRD000609,COINBASE,ETH,TRADER0130,1011.91,2026-08-01T12:59:44
TRD000610,BYBIT,DOGE,TRADER0038,1488.73,2026-08-01T09:47:48
TRD000611,OKX,XRP,TRADER0170,1817.83,2026-08-01T08:54:38
TRD000612,KRAKEN,DOGE,TRADER0036,227114.37,2026-08-01T10:59:19
TRD000613,OKX,SOL,TRADER0300,326744.76,2026-08-01T11:53:54
TRD000614,COINBASE,BTC,TRADER0161,188610.28,2026-08-01T10:31:06
TRD000615,KRAKEN,ETH,TRADER0170,285139.35,2026-08-01T10:46:49
TRD000616,BYBIT,DOGE,TRADER0056,342651.07,2026-08-01T09:16:27
TRD000617,OKX,ETH,TRADER0135,3681.05,2026-08-01T08:10:10
TRD000618,OKX,BTC,TRADER0298,2915.56,2026-08-01T08:20:01
TRD000619,OKX,SOL,TRADER0279,4475.23,2026-08-01T11:19:47
TRD000620,BYBIT,ETH,TRADER0149,712.71,2026-08-01T11:36:41
TRD000621,KRAKEN,DOGE,TRADER0006,3330.26,2026-08-01T12:40:47
TRD000622,COINBASE,XRP,TRADER0082,936.77,2026-08-01T12:24:03
TRD000623,KRAKEN,BTC,TRADER0113,192699.96,2026-08-01T11:21:45
TRD000624,COINBASE,BTC,TRADER0106,416584.18,2026-08-01T12:16:30
TRD000625,BYBIT,BTC,TRADER0021,229628.44,2026-08-01T10:23:48
TRD000626,OKX,DOGE,TRADER0292,361470.13,2026-08-01T13:20:57
TRD000627,BINANCE,DOGE,TRADER0129,462896.97,2026-08-01T11:12:43
TRD000628,KRAKEN,XRP,TRADER0247,4441.5,2026-08-01T12:00:14
TRD000629,COINBASE,ETH,TRADER0040,2596.98,2026-08-01T09:42:04
TRD000630,COINBASE,SOL,TRADER0061,265845.47,2026-08-01T09:01:53
TRD000631,BYBIT,XRP,TRADER0246,164498.5,2026-08-01T08:12:15
TRD000632,COINBASE,BTC,TRADER0066,2888.76,2026-08-01T13:12:32
TRD000633,,BTC,TRADER0086,172015.02,2026-08-01T13:27:19
TRD000634,OKX,BTC,TRADER0146,186637.37,2026-08-01T12:23:03
TRD000635,COINBASE,ETH,TRADER0211,3024.15,2026-08-01T13:40:21
TRD000636,OKX,SOL,TRADER0086,237068.51,2026-08-01T13:25:47
TRD000637,OKX,BTC,TRADER0118,1922.15,2026-08-01T09:50:30
TRD000638,OKX,DOGE,TRADER0215,4141.25,2026-08-01T12:19:53
TRD000639,OKX,DOGE,TRADER0020,4394.88,2026-08-01T08:50:53
TRD000640,BYBIT,ETH,TRADER0277,458787.58,2026-08-01T12:45:06
TRD000641,BYBIT,SOL,TRADER0023,271582.51,2026-08-01T11:28:12
TRD000642,KRAKEN,DOGE,TRADER0295,153553.24,2026-08-01T10:06:58
TRD000643,BINANCE,SOL,TRADER0279,2072.8,2026-08-01T13:15:39
TRD000644,OKX,BTC,TRADER0267,361818.45,2026-08-01T11:43:17
TRD000645,KRAKEN,BTC,TRADER0080,334148.07,2026-08-01T12:52:47
TRD000646,BYBIT,DOGE,TRADER0188,496719.47,2026-08-01T09:51:14
TRD000647,BYBIT,DOGE,TRADER0286,248085.19,2026-08-01T10:18:35
TRD000648,KRAKEN,DOGE,TRADER0177,3882.26,2026-08-01T09:05:02
TRD000649,COINBASE,XRP,TRADER0083,303337.42,2026-08-01T13:00:41
TRD000650,OKX,BTC,TRADER0083,1976.06,2026-08-01T09:19:22
TRD000651,BYBIT,DOGE,TRADER0223,205236.8,2026-08-01T08:43:42
TRD000652,OKX,BTC,TRADER0197,260257.94,2026-08-01T13:26:17
TRD000653,BINANCE,ETH,TRADER0254,180682.9,2026-08-01T09:46:21
TRD000654,BINANCE,DOGE,TRADER0262,2603.28,2026-08-01T08:19:41
TRD000655,KRAKEN,ETH,TRADER0001,134737.13,2026-08-01T11:38:08
TRD000656,KRAKEN,XRP,TRADER0208,2951.1,2026-08-01T08:49:14
TRD000657,OKX,SOL,TRADER0287,239238.1,2026-08-01T10:03:35
TRD000658,OKX,ETH,TRADER0233,329962.69,2026-08-01T09:35:35
TRD000659,BYBIT,DOGE,TRADER0055,301267.67,2026-08-01T09:03:54
TRD000660,OKX,SOL,TRADER0276,329957.55,2026-08-01T11:25:56
TRD000661,OKX,XRP,TRADER0125,484495.49,2026-08-01T12:11:36
TRD000662,OKX,BTC,TRADER0247,625.53,2026-08-01T10:05:34
TRD000663,KRAKEN,XRP,TRADER0181,103889.28,2026-08-01T10:15:34
TRD000664,KRAKEN,BTC,TRADER0205,3384.8,2026-08-01T13:02:51
TRD000665,COINBASE,XRP,TRADER0161,457726.5,2026-08-01T09:39:49
TRD000666,COINBASE,XRP,TRADER0103,196822.61,2026-08-01T09:52:55
TRD000667,COINBASE,ETH,TRADER0128,4189.86,2026-08-01T09:05:28
TRD000668,BINANCE,XRP,TRADER0004,3833.01,2026-08-01T12:23:23
TRD000669,KRAKEN,DOGE,TRADER0162,494144.53,2026-08-01T12:28:02
TRD000670,COINBASE,DOGE,TRADER0144,2019.5,2026-08-01T08:29:34
TRD000671,OKX,XRP,TRADER0245,113025.06,2026-08-01T11:35:01
TRD000672,COINBASE,XRP,TRADER0062,3506.31,2026-08-01T08:06:27
TRD000673,COINBASE,XRP,TRADER0298,244640.93,2026-08-01T09:42:12
TRD000674,OKX,SOL,TRADER0122,483410.73,2026-08-01T11:19:50
TRD000675,COINBASE,XRP,TRADER0218,380285.05,2026-08-01T11:19:22
TRD000676,BYBIT,SOL,TRADER0231,940.45,2026-08-01T08:54:32
TRD000677,KRAKEN,ETH,TRADER0285,2189.48,2026-08-01T09:21:40
TRD000678,BYBIT,BTC,TRADER0091,153788.67,2026-08-01T12:25:45
TRD000679,KRAKEN,SOL,TRADER0288,4299.58,2026-08-01T09:29:12
TRD000680,BINANCE,ETH,TRADER0131,351944.88,2026-08-01T11:02:46
TRD000681,KRAKEN,SOL,TRADER0185,472737.83,2026-08-01T11:07:56
TRD000682,BINANCE,XRP,TRADER0063,1787.9,2026-08-01T13:15:02
TRD000683,OKX,DOGE,TRADER0090,213843.49,2026-08-01T12:38:46
TRD000684,BYBIT,XRP,TRADER0041,1936.3,2026-08-01T09:31:31
TRD000685,KRAKEN,XRP,TRADER0293,,2026-08-01T09:28:28
TRD000686,KRAKEN,ETH,TRADER0161,216542.54,2026-08-01T13:30:37
TRD000687,BYBIT,SOL,TRADER0228,475507.93,2026-08-01T11:46:05
TRD000688,COINBASE,ETH,TRADER0012,193850.88,2026-08-01T08:43:43
TRD000689,COINBASE,ETH,TRADER0204,125516.96,2026-08-01T12:59:31
TRD000690,BINANCE,BTC,TRADER0204,2643.71,2026-08-01T10:23:20
TRD000691,OKX,ETH,TRADER0044,454188.53,2026-08-01T10:05:15
TRD000692,COINBASE,SOL,TRADER0227,3151.08,2026-08-01T08:15:36
TRD000693,BINANCE,SOL,TRADER0167,286877.39,2026-08-01T12:59:34
TRD000694,BYBIT,ETH,TRADER0277,339033.68,2026-08-01T12:45:52
TRD000695,OKX,SOL,TRADER0178,2434.18,2026-08-01T12:01:18
TRD000696,KRAKEN,SOL,TRADER0212,1336.04,2026-08-01T12:45:48
TRD000697,COINBASE,SOL,TRADER0147,103326.84,2026-08-01T12:20:32
TRD000698,KRAKEN,BTC,TRADER0221,3999.93,2026-08-01T12:59:23
TRD000699,KRAKEN,ETH,TRADER0211,4416.7,2026-08-01T09:29:10
TRD000700,BYBIT,XRP,TRADER0113,1351.75,2026-08-01T12:42:08
TRD000701,OKX,SOL,TRADER0146,312777.71,2026-08-01T11:45:30
TRD000702,COINBASE,BTC,TRADER0094,144142.54,2026-08-01T13:37:21
TRD000703,BYBIT,SOL,TRADER0252,979.56,2026-08-01T12:52:09
TRD000704,BINANCE,ETH,TRADER0053,150015.68,2026-08-01T08:04:28
TRD000705,COINBASE,BTC,TRADER0078,186875.23,2026-08-01T10:50:09
TRD000706,BYBIT,SOL,TRADER0238,3499.83,2026-08-01T09:19:47
TRD000707,BINANCE,SOL,TRADER0201,403.35,2026-08-01T10:16:34
TRD000708,BYBIT,BTC,TRADER0063,385873.01,2026-08-01T12:01:54
TRD000709,COINBASE,BTC,TRADER0102,2331.13,2026-08-01T12:18:13
TRD000710,BYBIT,SOL,TRADER0166,835.13,2026-08-01T10:18:20
TRD000711,BYBIT,SOL,TRADER0102,1834.11,2026-08-01T09:01:40
TRD000712,COINBASE,XRP,TRADER0167,124.59,2026-08-01T11:36:09
TRD000713,COINBASE,BTC,TRADER0022,2926.33,2026-08-01T11:22:49
TRD000714,BINANCE,ETH,TRADER0081,374377.86,2026-08-01T13:41:24
TRD000715,BINANCE,BTC,TRADER0183,3240.65,2026-08-01T09:08:43
TRD000716,BYBIT,ETH,TRADER0163,415424.73,2026-08-01T11:59:35
TRD000717,COINBASE,BTC,TRADER0194,1822.93,2026-08-01T12:25:02
TRD000718,BYBIT,DOGE,TRADER0151,2736.53,2026-08-01T12:56:53
TRD000719,KRAKEN,SOL,TRADER0240,1412.86,2026-08-01T08:37:36
TRD000720,OKX,ETH,TRADER0231,205339.71,2026-08-01T12:07:59
TRD000721,BINANCE,DOGE,TRADER0195,453172.95,2026-08-01T13:38:42
TRD000722,COINBASE,SOL,TRADER0033,315582.61,2026-08-01T09:43:41
TRD000723,OKX,XRP,TRADER0283,213251.63,2026-08-01T13:50:01
TRD000724,KRAKEN,BTC,TRADER0050,2639.84,2026-08-01T09:37:33
TRD000725,BINANCE,ETH,TRADER0055,139501.43,2026-08-01T13:59:18
TRD000726,BYBIT,DOGE,TRADER0132,292.97,2026-08-01T08:07:08
TRD000727,COINBASE,XRP,TRADER0041,355566.69,2026-08-01T13:04:45
TRD000728,BYBIT,SOL,TRADER0030,4127.03,2026-08-01T08:38:26
TRD000729,KRAKEN,BTC,TRADER0111,4804.9,2026-08-01T12:50:21
TRD000730,BYBIT,ETH,TRADER0099,2654.65,2026-08-01T13:04:58
TRD000731,OKX,XRP,TRADER0055,330625.46,2026-08-01T11:53:14
TRD000732,BINANCE,ETH,TRADER0093,2772.33,2026-08-01T12:51:34
TRD000733,OKX,XRP,TRADER0181,320032.54,2026-08-01T11:23:00
TRD000734,BYBIT,XRP,TRADER0166,3061.65,2026-08-01T11:24:50
TRD000735,OKX,SOL,TRADER0185,278999.92,2026-08-01T08:00:06
TRD000736,BINANCE,SOL,TRADER0009,497364.8,2026-08-01T08:03:35
TRD000737,KRAKEN,ETH,TRADER0110,108680.55,2026-08-01T13:02:22
TRD000738,OKX,DOGE,TRADER0293,4633.32,2026-08-01T12:11:25
TRD000739,KRAKEN,ETH,TRADER0071,1361.69,2026-08-01T10:07:14
TRD000740,KRAKEN,SOL,TRADER0048,2873.91,2026-08-01T08:42:09
TRD000741,KRAKEN,XRP,TRADER0089,2466.97,2026-08-01T13:25:04
TRD000742,KRAKEN,BTC,TRADER0296,412048.76,2026-08-01T11:10:00
TRD000743,BYBIT,XRP,TRADER0062,4355.44,2026-08-01T13:46:11
TRD000744,BYBIT,BTC,TRADER0157,2645.7,2026-08-01T10:58:29
TRD000745,OKX,ETH,TRADER0079,392631.43,2026-08-01T12:03:21
TRD000746,OKX,DOGE,TRADER0259,272774.27,2026-08-01T09:20:50
TRD000747,COINBASE,SOL,TRADER0043,398126.02,2026-08-01T10:23:23
TRD000748,BINANCE,XRP,TRADER0257,2200.73,2026-08-01T12:22:38
TRD000749,OKX,ETH,TRADER0250,2006.83,2026-08-01T10:12:20
TRD000750,BINANCE,SOL,TRADER0221,1650.89,2026-08-01T09:01:27
TRD000751,BYBIT,XRP,TRADER0188,1774.12,2026-08-01T10:46:28
TRD000752,COINBASE,SOL,TRADER0227,3134.75,2026-08-01T09:49:03
TRD000753,KRAKEN,ETH,TRADER0044,606.24,2026-08-01T10:37:06
TRD000754,BINANCE,SOL,TRADER0057,288476.12,2026-08-01T09:54:08
TRD000755,OKX,ETH,TRADER0105,400142.06,2026-08-01T13:40:15
TRD000756,COINBASE,BTC,TRADER0193,2935.87,2026-08-01T10:19:30
TRD000757,COINBASE,BTC,TRADER0146,378610.68,2026-08-01T08:28:59
TRD000758,BYBIT,BTC,TRADER0035,208524.15,2026-08-01T08:58:55
TRD000759,BINANCE,SOL,TRADER0198,1194.28,2026-08-01T10:52:16
TRD000760,BYBIT,DOGE,TRADER0273,179550.08,2026-08-01T13:06:12
TRD000761,BINANCE,BTC,TRADER0127,221971.01,2026-08-01T11:34:50
TRD000762,COINBASE,BTC,TRADER0178,242151.25,2026-08-01T10:08:59
TRD000763,OKX,SOL,TRADER0032,3147.67,2026-08-01T13:03:04
TRD000764,KRAKEN,ETH,TRADER0078,1741.84,2026-08-01T08:47:56
TRD000765,BYBIT,DOGE,TRADER0117,329159.42,2026-08-01T10:50:36
TRD000766,OKX,SOL,TRADER0230,2734.06,2026-08-01T13:17:19
TRD000767,OKX,ETH,TRADER0071,1579.54,2026-08-01T11:54:52
TRD000768,COINBASE,DOGE,TRADER0081,1621.61,2026-08-01T09:40:33
TRD000769,KRAKEN,ETH,TRADER0016,452052.76,2026-08-01T11:44:35
TRD000770,KRAKEN,XRP,TRADER0141,802.19,2026-08-01T09:40:53
TRD000771,BINANCE,DOGE,TRADER0137,3047.74,2026-08-01T10:06:06
TRD000772,BINANCE,SOL,TRADER0041,290640.89,2026-08-01T13:54:45
TRD000773,KRAKEN,ETH,TRADER0199,2482.66,2026-08-01T10:03:34
TRD000774,BINANCE,XRP,TRADER0008,4630.9,2026-08-01T09:50:46
TRD000775,COINBASE,BTC,TRADER0091,494251.06,2026-08-01T10:57:26
TRD000776,BYBIT,ETH,TRADER0219,116730.51,2026-08-01T10:50:53
TRD000777,BYBIT,DOGE,TRADER0293,2989.34,2026-08-01T12:44:20
TRD000778,BINANCE,XRP,TRADER0234,4143.7,2026-08-01T12:43:16
TRD000779,OKX,XRP,TRADER0021,2810.62,2026-08-01T09:43:41
TRD000780,KRAKEN,XRP,TRADER0204,409470.81,2026-08-01T12:11:57
TRD000781,COINBASE,XRP,TRADER0151,3085.01,2026-08-01T12:13:10
TRD000782,BYBIT,BTC,TRADER0257,610.2,2026-08-01T11:34:40
TRD000783,BYBIT,SOL,TRADER0231,173.31,2026-08-01T12:08:19
TRD000784,BINANCE,SOL,TRADER0166,3474.0,2026-08-01T09:07:28
TRD000785,BINANCE,BTC,TRADER0231,134122.62,2026-08-01T12:39:26
TRD000786,OKX,ETH,TRADER0194,2774.21,2026-08-01T11:03:03
TRD000787,OKX,ETH,TRADER0084,4350.65,2026-08-01T11:49:08
TRD000788,KRAKEN,SOL,TRADER0229,1479.46,2026-08-01T09:50:47
TRD000789,BINANCE,DOGE,TRADER0130,299051.04,2026-08-01T12:56:49
TRD000790,BINANCE,DOGE,TRADER0253,335544.93,2026-08-01T12:07:48
TRD000791,BYBIT,XRP,TRADER0041,102629.21,2026-08-01T13:38:28
TRD000792,OKX,ETH,TRADER0026,122025.58,2026-08-01T08:20:03
TRD000793,COINBASE,BTC,TRADER0296,4198.17,2026-08-01T08:26:46
TRD000794,BINANCE,XRP,TRADER0092,848.61,2026-08-01T12:08:40
TRD000795,OKX,SOL,TRADER0019,219717.79,2026-08-01T11:26:57
TRD000796,BINANCE,XRP,TRADER0282,371.38,2026-08-01T10:29:52
TRD000797,KRAKEN,DOGE,TRADER0212,2647.0,2026-08-01T08:59:41
TRD000798,OKX,DOGE,TRADER0045,375461.71,2026-08-01T11:53:13
TRD000799,OKX,SOL,TRADER0133,498009.73,2026-08-01T09:10:50
TRD000800,OKX,DOGE,TRADER0255,352743.04,2026-08-01T09:38:15
TRD000801,OKX,ETH,TRADER0149,4897.33,2026-08-01T12:13:53
TRD000802,BINANCE,ETH,TRADER0213,2099.5,2026-08-01T08:06:10
TRD000803,COINBASE,SOL,TRADER0131,223109.02,2026-08-01T08:03:20
TRD000804,BINANCE,SOL,TRADER0175,2010.44,2026-08-01T09:35:55
TRD000805,COINBASE,SOL,TRADER0174,291643.31,2026-08-01T08:19:25
TRD000806,COINBASE,XRP,TRADER0080,456823.33,2026-08-01T12:12:34
TRD000807,BYBIT,BTC,TRADER0267,389985.66,2026-08-01T13:03:12
TRD000808,OKX,BTC,TRADER0107,232687.72,2026-08-01T08:36:09
TRD000809,COINBASE,SOL,TRADER0016,1728.8,2026-08-01T13:11:49
TRD000810,OKX,XRP,TRADER0096,445837.48,2026-08-01T10:51:45
TRD000811,BINANCE,SOL,TRADER0212,450819.49,2026-08-01T12:06:48
TRD000812,KRAKEN,ETH,TRADER0269,1546.48,2026-08-01T09:50:22
TRD000813,BINANCE,XRP,TRADER0260,173.43,2026-08-01T09:43:52
TRD000814,KRAKEN,XRP,TRADER0269,1586.28,2026-08-01T12:41:53
TRD000815,COINBASE,ETH,TRADER0019,2323.87,2026-08-01T08:02:14
TRD000816,KRAKEN,BTC,TRADER0045,1699.78,2026-08-01T12:44:18
TRD000817,KRAKEN,BTC,TRADER0296,3804.54,2026-08-01T10:55:14
TRD000818,COINBASE,ETH,TRADER0147,227659.92,2026-08-01T09:04:15
TRD000819,KRAKEN,ETH,TRADER0081,1404.5,2026-08-01T09:52:49
TRD000820,OKX,SOL,TRADER0282,156622.73,2026-08-01T13:13:31
TRD000821,COINBASE,ETH,TRADER0037,456897.24,2026-08-01T08:27:42
TRD000822,COINBASE,BTC,TRADER0242,,2026-08-01T08:29:22
TRD000823,BINANCE,XRP,TRADER0201,338448.55,2026-08-01T13:36:35
TRD000824,KRAKEN,SOL,TRADER0171,4096.34,2026-08-01T12:14:19
TRD000825,OKX,ETH,TRADER0048,467875.62,2026-08-01T08:53:07
TRD000826,BYBIT,SOL,TRADER0239,2379.2,2026-08-01T13:36:55
TRD000827,KRAKEN,SOL,TRADER0201,466905.77,2026-08-01T10:57:21
TRD000828,BYBIT,XRP,TRADER0016,145154.82,2026-08-01T12:11:53
TRD000829,COINBASE,SOL,TRADER0179,3041.98,2026-08-01T11:41:33
TRD000830,BINANCE,SOL,TRADER0285,416972.38,2026-08-01T11:38:53
TRD000831,OKX,XRP,TRADER0123,319179.61,2026-08-01T11:29:36
TRD000832,BINANCE,SOL,TRADER0107,336388.08,2026-08-01T13:09:46
TRD000833,KRAKEN,DOGE,TRADER0121,367842.08,2026-08-01T09:02:26
TRD000834,OKX,DOGE,TRADER0238,139061.56,2026-08-01T09:36:12
TRD000835,KRAKEN,XRP,TRADER0036,374203.47,2026-08-01T10:58:48
TRD000836,BYBIT,BTC,TRADER0047,1127.18,2026-08-01T09:20:07
TRD000837,COINBASE,XRP,TRADER0273,346228.87,2026-08-01T09:46:51
TRD000838,COINBASE,SOL,TRADER0154,465281.71,2026-08-01T11:57:25
TRD000839,KRAKEN,BTC,TRADER0299,494568.66,2026-08-01T09:09:39
TRD000840,KRAKEN,BTC,TRADER0190,4510.32,2026-08-01T13:05:51
TRD000841,KRAKEN,BTC,TRADER0145,194096.47,2026-08-01T13:41:27
TRD000842,KRAKEN,XRP,TRADER0208,1938.75,2026-08-01T12:19:20
TRD000843,COINBASE,ETH,TRADER0285,469792.82,2026-08-01T09:24:15
TRD000844,,ETH,TRADER0069,107.43,2026-08-01T12:25:48
TRD000845,BYBIT,ETH,TRADER0044,422376.65,2026-08-01T13:30:05
TRD000846,BYBIT,DOGE,TRADER0093,269649.87,2026-08-01T11:30:06
TRD000847,KRAKEN,ETH,TRADER0096,102972.0,2026-08-01T10:09:17
TRD000848,OKX,SOL,TRADER0211,4636.49,2026-08-01T08:20:40
TRD000849,OKX,XRP,TRADER0189,610.16,2026-08-01T09:17:35
TRD000850,OKX,SOL,TRADER0239,2608.9,2026-08-01T10:13:55
TRD000851,BYBIT,BTC,TRADER0277,4000.59,2026-08-01T11:07:37
TRD000852,OKX,BTC,TRADER0241,462422.03,2026-08-01T11:49:55
TRD000853,KRAKEN,SOL,TRADER0149,378020.47,2026-08-01T13:07:51
TRD000854,KRAKEN,BTC,TRADER0243,329144.0,2026-08-01T13:40:57
TRD000855,BINANCE,SOL,TRADER0249,302238.44,2026-08-01T10:17:39
TRD000856,COINBASE,DOGE,TRADER0144,1412.32,2026-08-01T13:29:46
TRD000857,COINBASE,DOGE,TRADER0078,3312.82,2026-08-01T10:22:40
TRD000858,COINBASE,XRP,TRADER0093,444805.77,2026-08-01T08:46:05
TRD000859,COINBASE,DOGE,TRADER0079,401104.52,2026-08-01T11:29:15
TRD000860,COINBASE,XRP,TRADER0086,393744.44,2026-08-01T08:29:40
TRD000861,KRAKEN,BTC,TRADER0027,259497.92,2026-08-01T12:20:06
TRD000862,OKX,ETH,TRADER0195,256028.19,2026-08-01T09:19:16
TRD000863,OKX,XRP,TRADER0007,418923.62,2026-08-01T10:52:24
TRD000864,OKX,BTC,TRADER0050,354969.66,2026-08-01T13:33:24
TRD000865,KRAKEN,SOL,TRADER0139,139310.72,2026-08-01T12:11:49
TRD000866,COINBASE,DOGE,TRADER0100,2623.76,2026-08-01T10:51:05
TRD000867,OKX,BTC,TRADER0005,4166.86,2026-08-01T12:46:51
TRD000868,BINANCE,XRP,TRADER0180,1136.11,2026-08-01T08:18:35
TRD000869,BINANCE,DOGE,TRADER0048,331.57,2026-08-01T13:27:20
TRD000870,BINANCE,BTC,TRADER0045,4289.38,2026-08-01T09:00:32
TRD000871,COINBASE,SOL,TRADER0151,474472.82,2026-08-01T10:30:56
TRD000872,BYBIT,SOL,TRADER0132,851.73,2026-08-01T11:29:03
TRD000873,BYBIT,SOL,TRADER0031,1328.28,2026-08-01T12:00:36
TRD000874,BINANCE,XRP,TRADER0103,171376.87,2026-08-01T08:59:13
TRD000875,COINBASE,DOGE,TRADER0221,357335.27,2026-08-01T10:21:26
TRD000876,BINANCE,BTC,TRADER0038,391018.06,2026-08-01T08:10:14
TRD000877,BYBIT,ETH,TRADER0001,365842.33,2026-08-01T09:22:47
TRD000878,KRAKEN,XRP,TRADER0295,383042.26,2026-08-01T12:21:07
TRD000879,BYBIT,XRP,TRADER0036,101322.94,2026-08-01T09:06:11
TRD000880,OKX,DOGE,TRADER0184,1700.53,2026-08-01T13:45:18
TRD000881,BINANCE,SOL,TRADER0274,236025.12,2026-08-01T10:38:21
TRD000882,COINBASE,ETH,TRADER0284,244.69,2026-08-01T10:43:13
TRD000883,BYBIT,BTC,TRADER0184,454085.66,2026-08-01T09:43:28
TRD000884,COINBASE,BTC,TRADER0099,175.55,2026-08-01T12:27:11
TRD000885,BYBIT,BTC,TRADER0277,299873.66,2026-08-01T08:08:57
TRD000886,BINANCE,SOL,TRADER0029,388404.8,2026-08-01T09:04:32
TRD000887,COINBASE,DOGE,TRADER0235,4703.44,2026-08-01T13:16:24
TRD000888,COINBASE,BTC,TRADER0019,3690.53,2026-08-01T12:17:20
TRD000889,OKX,BTC,TRADER0125,3521.42,2026-08-01T13:45:31
TRD000890,BINANCE,SOL,TRADER0050,2308.11,2026-08-01T08:58:04
TRD000891,BINANCE,XRP,TRADER0113,181056.46,2026-08-01T11:39:33
TRD000892,KRAKEN,BTC,TRADER0295,2752.13,2026-08-01T08:24:53
TRD000893,OKX,ETH,TRADER0172,209557.34,2026-08-01T09:31:46
TRD000894,KRAKEN,DOGE,TRADER0085,2221.37,2026-08-01T09:12:50
TRD000895,BINANCE,DOGE,TRADER0193,106252.13,2026-08-01T08:44:05
TRD000896,BINANCE,BTC,TRADER0092,382696.5,2026-08-01T11:47:18
TRD000897,BYBIT,ETH,TRADER0106,208379.9,2026-08-01T11:45:01
TRD000898,COINBASE,ETH,TRADER0020,3001.55,2026-08-01T13:42:31
TRD000899,KRAKEN,SOL,TRADER0215,72.62,2026-08-01T12:49:33
TRD000900,BINANCE,DOGE,TRADER0186,4320.52,2026-08-01T12:13:31
TRD000901,COINBASE,SOL,TRADER0028,418645.19,2026-08-01T12:31:42
TRD000902,COINBASE,ETH,TRADER0023,317.44,2026-08-01T11:57:23
TRD000903,KRAKEN,SOL,TRADER0233,264.42,2026-08-01T09:26:18
TRD000904,BINANCE,XRP,TRADER0264,458031.67,2026-08-01T13:23:41
TRD000905,OKX,SOL,TRADER0215,370741.02,2026-08-01T10:05:38
TRD000906,BINANCE,SOL,TRADER0117,535.42,2026-08-01T11:25:05
TRD000907,COINBASE,BTC,TRADER0242,121735.74,2026-08-01T09:19:09
TRD000908,COINBASE,DOGE,TRADER0233,249394.03,2026-08-01T09:46:02
TRD000909,KRAKEN,SOL,TRADER0104,1712.66,2026-08-01T10:33:14
TRD000910,COINBASE,BTC,TRADER0239,168480.53,2026-08-01T10:00:04
TRD000911,KRAKEN,DOGE,TRADER0081,3958.26,2026-08-01T13:15:43
TRD000912,OKX,ETH,TRADER0045,2087.9,2026-08-01T13:23:04
TRD000913,BYBIT,XRP,TRADER0143,121.79,2026-08-01T10:15:20
TRD000914,KRAKEN,XRP,TRADER0297,1150.91,2026-08-01T13:13:19
TRD000915,BINANCE,XRP,TRADER0023,248.29,2026-08-01T11:52:29
TRD000916,OKX,XRP,TRADER0246,4058.1,2026-08-01T12:07:05
TRD000917,BYBIT,ETH,TRADER0043,104969.2,2026-08-01T09:59:03
TRD000918,COINBASE,SOL,TRADER0152,1233.36,2026-08-01T12:22:01
TRD000919,KRAKEN,ETH,TRADER0236,4296.71,2026-08-01T12:08:24
TRD000920,BYBIT,ETH,TRADER0208,448620.72,2026-08-01T13:45:55
TRD000921,BINANCE,BTC,TRADER0198,4472.5,2026-08-01T10:41:58
TRD000922,BYBIT,SOL,TRADER0278,2897.39,2026-08-01T13:38:51
TRD000923,KRAKEN,BTC,TRADER0264,4729.35,2026-08-01T09:00:36
TRD000924,BYBIT,SOL,TRADER0239,3114.71,2026-08-01T13:53:59
TRD000925,OKX,BTC,TRADER0288,181885.04,2026-08-01T10:10:19
TRD000926,OKX,BTC,TRADER0245,3700.03,2026-08-01T10:03:07
TRD000927,KRAKEN,SOL,TRADER0137,2542.65,2026-08-01T08:34:36
TRD000928,KRAKEN,SOL,TRADER0232,2456.82,2026-08-01T12:16:46
TRD000929,OKX,DOGE,TRADER0150,2287.29,2026-08-01T09:42:51
TRD000930,BYBIT,BTC,TRADER0042,1983.88,2026-08-01T08:59:43
TRD000931,COINBASE,SOL,TRADER0058,3500.56,2026-08-01T12:44:21
TRD000932,BINANCE,SOL,TRADER0214,4849.39,2026-08-01T12:18:48
TRD000933,KRAKEN,XRP,TRADER0228,3701.66,2026-08-01T08:34:22
TRD000934,BINANCE,ETH,TRADER0267,264676.69,2026-08-01T13:58:07
TRD000935,KRAKEN,XRP,TRADER0272,278102.52,2026-08-01T13:09:47
TRD000936,COINBASE,SOL,TRADER0088,190712.78,2026-08-01T10:37:21
TRD000937,BINANCE,ETH,TRADER0181,1457.69,2026-08-01T12:52:21
TRD000938,KRAKEN,ETH,TRADER0090,4204.69,2026-08-01T09:28:03
TRD000939,COINBASE,BTC,TRADER0022,329810.07,2026-08-01T10:22:13
TRD000940,KRAKEN,ETH,TRADER0106,113875.64,2026-08-01T11:07:47
TRD000941,COINBASE,SOL,TRADER0230,165039.04,2026-08-01T09:06:20
TRD000942,BINANCE,XRP,TRADER0256,479115.62,2026-08-01T09:25:13
TRD000943,BINANCE,DOGE,TRADER0260,382180.54,2026-08-01T10:38:17
TRD000944,OKX,ETH,TRADER0290,468916.84,2026-08-01T09:01:20
TRD000945,BYBIT,BTC,TRADER0072,3406.14,2026-08-01T11:39:20
TRD000946,OKX,ETH,TRADER0229,1819.1,2026-08-01T13:18:37
TRD000947,OKX,ETH,TRADER0143,133435.82,2026-08-01T08:47:43
TRD000948,OKX,XRP,TRADER0100,2477.8,2026-08-01T11:17:11
TRD000949,BYBIT,ETH,TRADER0219,249132.46,2026-08-01T11:08:22
TRD000950,KRAKEN,SOL,TRADER0229,135039.45,2026-08-01T11:46:58
TRD000951,BYBIT,SOL,TRADER0084,488144.27,2026-08-01T11:46:12
TRD000952,COINBASE,DOGE,TRADER0045,221292.46,2026-08-01T08:36:06
TRD000953,OKX,XRP,TRADER0046,355522.4,2026-08-01T11:46:22
TRD000954,COINBASE,DOGE,TRADER0237,3565.72,2026-08-01T09:48:49
TRD000955,COINBASE,XRP,TRADER0149,116893.17,2026-08-01T13:19:36
TRD000956,KRAKEN,XRP,TRADER0287,3712.29,2026-08-01T09:24:07
TRD000957,KRAKEN,SOL,TRADER0242,366365.38,2026-08-01T11:47:49
TRD000958,COINBASE,XRP,TRADER0126,405887.34,2026-08-01T08:36:26
TRD000959,OKX,SOL,TRADER0298,,2026-08-01T13:42:58
TRD000960,BYBIT,BTC,TRADER0192,330105.47,2026-08-01T09:28:56
TRD000961,OKX,BTC,TRADER0075,1632.42,2026-08-01T11:15:10
TRD000962,COINBASE,BTC,TRADER0140,354498.85,2026-08-01T08:26:36
TRD000963,KRAKEN,SOL,TRADER0272,3212.79,2026-08-01T13:42:59
TRD000964,COINBASE,BTC,TRADER0086,448977.25,2026-08-01T10:28:15
TRD000965,KRAKEN,BTC,TRADER0274,2921.23,2026-08-01T09:14:47
TRD000966,OKX,SOL,TRADER0191,3905.1,2026-08-01T08:55:56
TRD000967,COINBASE,ETH,TRADER0258,1144.51,2026-08-01T11:47:55
TRD000968,BYBIT,BTC,TRADER0060,469363.9,2026-08-01T11:10:10
TRD000969,KRAKEN,SOL,TRADER0072,455890.55,2026-08-01T09:34:02
TRD000970,KRAKEN,BTC,TRADER0061,1150.67,2026-08-01T10:03:44
TRD000971,KRAKEN,ETH,TRADER0108,694.58,2026-08-01T08:42:27
TRD000972,BINANCE,XRP,TRADER0221,260.46,2026-08-01T12:16:10
TRD000973,BINANCE,SOL,TRADER0023,377.92,2026-08-01T09:07:36
TRD000974,OKX,ETH,TRADER0103,964.67,2026-08-01T09:19:29
TRD000975,KRAKEN,DOGE,TRADER0179,1793.41,2026-08-01T12:35:44
TRD000976,OKX,BTC,TRADER0051,4106.95,2026-08-01T09:44:36
TRD000977,KRAKEN,ETH,TRADER0276,71.43,2026-08-01T12:35:21
TRD000978,BYBIT,SOL,TRADER0095,2226.35,2026-08-01T11:13:46
TRD000979,BYBIT,XRP,TRADER0110,263031.19,2026-08-01T09:07:30
TRD000980,BYBIT,BTC,TRADER0267,404909.47,2026-08-01T13:04:16
TRD000981,BINANCE,BTC,TRADER0168,253912.45,2026-08-01T13:27:53
TRD000982,KRAKEN,XRP,TRADER0116,216235.73,2026-08-01T09:43:06
TRD000983,BINANCE,XRP,TRADER0189,499489.33,2026-08-01T08:57:26
TRD000984,BYBIT,XRP,TRADER0268,3309.81,2026-08-01T11:35:37
TRD000985,BYBIT,DOGE,TRADER0053,3720.09,2026-08-01T08:35:20
TRD000986,KRAKEN,ETH,TRADER0174,437611.8,2026-08-01T09:07:02
TRD000987,COINBASE,XRP,TRADER0256,385397.52,2026-08-01T13:51:37
TRD000988,BYBIT,SOL,TRADER0244,480055.53,2026-08-01T12:39:18
TRD000989,KRAKEN,ETH,TRADER0233,200275.94,2026-08-01T10:06:03
TRD000990,COINBASE,BTC,TRADER0051,432124.99,2026-08-01T08:14:36
TRD000991,COINBASE,XRP,TRADER0168,806.05,2026-08-01T08:41:47
TRD000992,OKX,XRP,TRADER0239,364837.29,2026-08-01T12:35:41
TRD000993,KRAKEN,DOGE,TRADER0176,4056.93,2026-08-01T08:17:15
TRD000994,BYBIT,BTC,TRADER0197,441149.72,2026-08-01T12:11:02
TRD000995,BINANCE,BTC,TRADER0091,444144.28,2026-08-01T09:29:38
TRD000996,BYBIT,XRP,TRADER0069,1596.68,2026-08-01T13:10:40
TRD000997,BYBIT,DOGE,TRADER0277,2882.44,2026-08-01T12:36:43
TRD000998,BINANCE,XRP,TRADER0135,488348.3,2026-08-01T10:35:20
TRD000999,KRAKEN,BTC,TRADER0015,151279.23,2026-08-01T11:10:31
TRD001000,OKX,BTC,TRADER0175,271259.28,2026-08-01T11:44:58
TRD001001,KRAKEN,BTC,TRADER0126,1275.69,2026-08-01T08:35:46
TRD001002,KRAKEN,BTC,TRADER0173,890.41,2026-08-01T12:11:43
TRD001003,BYBIT,DOGE,TRADER0264,206647.55,2026-08-01T13:21:07
TRD001004,BINANCE,SOL,TRADER0194,2873.25,2026-08-01T12:26:42
TRD001005,BINANCE,ETH,TRADER0173,424582.87,2026-08-01T09:31:00
TRD001006,OKX,SOL,TRADER0187,4848.67,2026-08-01T12:52:38
TRD001007,COINBASE,SOL,TRADER0136,498491.08,2026-08-01T10:03:21
TRD001008,OKX,BTC,TRADER0297,518.93,2026-08-01T13:09:20
TRD001009,OKX,XRP,TRADER0219,418260.7,2026-08-01T12:35:36
TRD001010,KRAKEN,XRP,TRADER0277,265725.7,2026-08-01T13:41:18
TRD001011,OKX,XRP,TRADER0281,943.97,2026-08-01T13:15:02
TRD001012,BYBIT,ETH,TRADER0240,355170.54,2026-08-01T13:09:10
TRD001013,BINANCE,DOGE,TRADER0103,1853.16,2026-08-01T10:43:59
TRD001014,BYBIT,XRP,TRADER0164,4307.92,2026-08-01T11:45:14
TRD001015,KRAKEN,SOL,TRADER0083,340492.91,2026-08-01T10:10:14
TRD001016,BINANCE,ETH,TRADER0099,418817.9,2026-08-01T12:13:29
TRD001017,BYBIT,DOGE,TRADER0224,2138.99,2026-08-01T09:27:01
TRD001018,KRAKEN,ETH,TRADER0015,1329.06,2026-08-01T13:51:52
TRD001019,BINANCE,XRP,TRADER0011,458602.19,2026-08-01T13:28:33
TRD001020,KRAKEN,BTC,TRADER0209,4489.03,2026-08-01T11:36:45
TRD001021,COINBASE,ETH,TRADER0058,2876.32,2026-08-01T12:45:03
TRD001022,OKX,DOGE,TRADER0129,2507.43,2026-08-01T10:51:09
TRD001023,KRAKEN,DOGE,TRADER0200,397583.59,2026-08-01T09:59:03
TRD001024,COINBASE,BTC,TRADER0090,209818.93,2026-08-01T10:18:53
TRD001025,OKX,BTC,TRADER0252,2690.68,2026-08-01T10:52:50
TRD001026,OKX,XRP,TRADER0244,3429.56,2026-08-01T11:18:14
TRD001027,BYBIT,SOL,TRADER0158,154.32,2026-08-01T08:29:51
TRD001028,COINBASE,SOL,TRADER0283,355579.62,2026-08-01T09:06:39
TRD001029,OKX,ETH,TRADER0227,463915.64,2026-08-01T10:19:33
TRD001030,KRAKEN,BTC,TRADER0121,1522.24,2026-08-01T11:59:40
TRD001031,KRAKEN,XRP,TRADER0018,132037.82,2026-08-01T12:17:16
TRD001032,BYBIT,SOL,TRADER0217,4389.97,2026-08-01T10:22:31
TRD001033,OKX,BTC,TRADER0181,391692.64,2026-08-01T12:07:32
TRD001034,BINANCE,BTC,TRADER0095,3169.27,2026-08-01T08:01:40
TRD001035,BYBIT,ETH,TRADER0157,1602.92,2026-08-01T10:16:19
TRD001036,OKX,ETH,TRADER0211,227759.65,2026-08-01T09:12:54
TRD001037,KRAKEN,ETH,TRADER0168,179465.49,2026-08-01T11:20:45
TRD001038,COINBASE,XRP,TRADER0194,4726.55,2026-08-01T08:11:19
TRD001039,BINANCE,DOGE,TRADER0118,4538.88,2026-08-01T10:22:58
TRD001040,COINBASE,BTC,TRADER0206,3109.12,2026-08-01T08:48:38
TRD001041,KRAKEN,ETH,TRADER0291,387433.37,2026-08-01T12:07:47
TRD001042,BYBIT,BTC,TRADER0115,176217.67,2026-08-01T10:37:15
TRD001043,BYBIT,XRP,TRADER0067,2184.98,2026-08-01T10:34:32
TRD001044,COINBASE,XRP,TRADER0093,158377.14,2026-08-01T10:22:58
TRD001045,COINBASE,DOGE,TRADER0231,247855.1,2026-08-01T08:46:49
TRD001046,BINANCE,XRP,TRADER0069,489759.67,2026-08-01T09:55:53
TRD001047,BYBIT,XRP,TRADER0132,411.63,2026-08-01T11:01:47
TRD001048,COINBASE,XRP,TRADER0182,4983.86,2026-08-01T08:02:55
TRD001049,KRAKEN,DOGE,TRADER0196,257878.73,2026-08-01T09:12:13
TRD001050,OKX,BTC,TRADER0298,167946.6,2026-08-01T11:05:14
TRD001051,BYBIT,ETH,TRADER0046,1620.72,2026-08-01T10:22:12
TRD001052,BINANCE,SOL,TRADER0023,299684.25,2026-08-01T11:16:55
TRD001053,BYBIT,SOL,TRADER0135,404625.57,2026-08-01T12:42:20
TRD001054,KRAKEN,XRP,TRADER0085,1611.94,2026-08-01T13:03:28
TRD001055,,BTC,TRADER0097,785.67,2026-08-01T12:16:49
TRD001056,KRAKEN,ETH,TRADER0240,498080.7,2026-08-01T08:22:16
TRD001057,BYBIT,SOL,TRADER0288,2451.74,2026-08-01T09:07:31
TRD001058,KRAKEN,BTC,TRADER0105,4347.46,2026-08-01T12:37:50
TRD001059,KRAKEN,DOGE,TRADER0300,1101.36,2026-08-01T12:47:16
TRD001060,OKX,ETH,TRADER0214,198462.97,2026-08-01T08:51:30
TRD001061,KRAKEN,BTC,TRADER0146,372255.76,2026-08-01T11:24:00
TRD001062,OKX,BTC,TRADER0166,132425.29,2026-08-01T12:07:58
TRD001063,KRAKEN,DOGE,TRADER0003,117538.8,2026-08-01T10:57:26
TRD001064,OKX,ETH,TRADER0109,420623.19,2026-08-01T10:56:29
TRD001065,BINANCE,BTC,TRADER0281,252556.37,2026-08-01T10:19:21
TRD001066,COINBASE,ETH,TRADER0205,491.48,2026-08-01T11:32:10
TRD001067,BYBIT,SOL,TRADER0079,296338.04,2026-08-01T10:49:21
TRD001068,OKX,ETH,TRADER0184,3344.33,2026-08-01T12:27:23
TRD001069,BYBIT,XRP,TRADER0244,1378.97,2026-08-01T11:50:45
TRD001070,KRAKEN,DOGE,TRADER0096,2198.82,2026-08-01T12:40:21
TRD001071,KRAKEN,XRP,TRADER0115,385454.19,2026-08-01T12:47:57
TRD001072,OKX,BTC,TRADER0149,131673.25,2026-08-01T10:44:03
TRD001073,COINBASE,ETH,TRADER0154,309236.82,2026-08-01T13:10:29
TRD001074,BINANCE,DOGE,TRADER0040,305365.81,2026-08-01T11:45:33
TRD001075,BINANCE,XRP,TRADER0292,4073.48,2026-08-01T12:34:56
TRD001076,BINANCE,BTC,TRADER0237,172883.25,2026-08-01T08:24:43
TRD001077,BINANCE,XRP,TRADER0153,389637.87,2026-08-01T13:40:41
TRD001078,KRAKEN,SOL,TRADER0096,131288.21,2026-08-01T08:58:04
TRD001079,BYBIT,DOGE,TRADER0010,78.94,2026-08-01T13:58:09
TRD001080,BYBIT,XRP,TRADER0208,486321.52,2026-08-01T10:45:22
TRD001081,OKX,DOGE,TRADER0185,485256.64,2026-08-01T10:45:17
TRD001082,BINANCE,ETH,TRADER0070,118.69,2026-08-01T09:42:47
TRD001083,BINANCE,ETH,TRADER0247,359895.93,2026-08-01T13:41:54
TRD001084,OKX,ETH,TRADER0045,285370.22,2026-08-01T11:50:24
TRD001085,BINANCE,BTC,TRADER0086,395512.47,2026-08-01T12:24:54
TRD001086,BYBIT,BTC,TRADER0231,180535.37,2026-08-01T08:27:48
TRD001087,KRAKEN,BTC,TRADER0053,385237.13,2026-08-01T12:30:43
TRD001088,OKX,DOGE,TRADER0284,114806.89,2026-08-01T12:25:28
TRD001089,OKX,DOGE,TRADER0250,1197.93,2026-08-01T11:50:28
TRD001090,OKX,SOL,TRADER0284,457150.88,2026-08-01T12:18:30
TRD001091,BINANCE,XRP,TRADER0178,2269.21,2026-08-01T10:37:17
TRD001092,COINBASE,XRP,TRADER0177,303054.38,2026-08-01T13:28:49
TRD001093,BYBIT,ETH,TRADER0151,256148.49,2026-08-01T13:56:21
TRD001094,KRAKEN,XRP,TRADER0083,3128.12,2026-08-01T12:23:43
TRD001095,COINBASE,ETH,TRADER0103,296874.29,2026-08-01T12:29:38
TRD001096,KRAKEN,ETH,TRADER0108,,2026-08-01T10:22:26
TRD001097,KRAKEN,ETH,TRADER0090,4148.35,2026-08-01T08:34:46
TRD001098,KRAKEN,XRP,TRADER0059,3106.94,2026-08-01T12:25:37
TRD001099,KRAKEN,SOL,TRADER0182,408037.96,2026-08-01T09:22:33
TRD001100,OKX,DOGE,TRADER0054,470652.84,2026-08-01T12:09:39
TRD001101,BINANCE,BTC,TRADER0053,4126.87,2026-08-01T09:31:13
TRD001102,BINANCE,ETH,TRADER0186,216849.2,2026-08-01T12:36:17
TRD001103,BYBIT,BTC,TRADER0079,3253.11,2026-08-01T09:07:09
TRD001104,COINBASE,XRP,TRADER0213,102635.03,2026-08-01T11:06:24
TRD001105,KRAKEN,DOGE,TRADER0088,248974.54,2026-08-01T11:16:57
TRD001106,COINBASE,ETH,TRADER0272,191272.8,2026-08-01T11:45:46
TRD001107,BYBIT,XRP,TRADER0265,3983.31,2026-08-01T12:01:42
TRD001108,COINBASE,BTC,TRADER0265,133911.29,2026-08-01T11:39:21
TRD001109,COINBASE,XRP,TRADER0032,1996.67,2026-08-01T13:13:47
TRD001110,BINANCE,DOGE,TRADER0152,454313.14,2026-08-01T10:51:19
TRD001111,KRAKEN,BTC,TRADER0144,4506.03,2026-08-01T11:40:36
TRD001112,BYBIT,ETH,TRADER0279,347274.98,2026-08-01T11:08:33
TRD001113,BYBIT,ETH,TRADER0155,314973.4,2026-08-01T09:08:48
TRD001114,OKX,DOGE,TRADER0146,304668.64,2026-08-01T12:44:43
TRD001115,KRAKEN,ETH,TRADER0012,418639.48,2026-08-01T10:11:48
TRD001116,KRAKEN,XRP,TRADER0259,123978.3,2026-08-01T10:21:51
TRD001117,OKX,SOL,TRADER0064,286.28,2026-08-01T12:05:04
TRD001118,KRAKEN,DOGE,TRADER0003,2293.08,2026-08-01T11:11:19
TRD001119,KRAKEN,SOL,TRADER0294,3378.55,2026-08-01T08:57:28
TRD001120,KRAKEN,DOGE,TRADER0299,411419.8,2026-08-01T08:53:30
TRD001121,COINBASE,XRP,TRADER0211,455.64,2026-08-01T12:20:05
TRD001122,COINBASE,XRP,TRADER0040,310502.24,2026-08-01T10:24:00
TRD001123,OKX,XRP,TRADER0217,375607.14,2026-08-01T11:47:41
TRD001124,COINBASE,ETH,TRADER0259,679.26,2026-08-01T12:40:16
TRD001125,OKX,BTC,TRADER0109,2304.39,2026-08-01T13:05:18
TRD001126,KRAKEN,BTC,TRADER0210,247834.39,2026-08-01T08:21:59
TRD001127,OKX,ETH,TRADER0061,496408.04,2026-08-01T10:40:33
TRD001128,BYBIT,BTC,TRADER0074,753.59,2026-08-01T10:46:39
TRD001129,KRAKEN,ETH,TRADER0094,4104.67,2026-08-01T12:59:01
TRD001130,KRAKEN,BTC,TRADER0023,329223.64,2026-08-01T11:04:29
TRD001131,BYBIT,XRP,TRADER0068,301905.54,2026-08-01T12:05:43
TRD001132,BYBIT,ETH,TRADER0167,349908.17,2026-08-01T11:31:28
TRD001133,COINBASE,XRP,TRADER0174,483231.8,2026-08-01T10:31:29
TRD001134,BINANCE,ETH,TRADER0013,418463.51,2026-08-01T13:06:24
TRD001135,BINANCE,DOGE,TRADER0044,1002.51,2026-08-01T13:11:25
TRD001136,OKX,ETH,TRADER0244,2538.06,2026-08-01T08:10:21
TRD001137,KRAKEN,ETH,TRADER0126,435566.98,2026-08-01T08:46:13
TRD001138,OKX,DOGE,TRADER0165,2038.9,2026-08-01T11:05:39
TRD001139,BYBIT,ETH,TRADER0213,311160.7,2026-08-01T10:20:27
TRD001140,BINANCE,BTC,TRADER0051,2731.81,2026-08-01T10:19:34
TRD001141,BINANCE,ETH,TRADER0158,4763.22,2026-08-01T13:35:35
TRD001142,KRAKEN,ETH,TRADER0014,3580.84,2026-08-01T10:54:47
TRD001143,COINBASE,XRP,TRADER0166,1326.77,2026-08-01T08:28:19
TRD001144,COINBASE,ETH,TRADER0122,400955.99,2026-08-01T09:02:50
TRD001145,KRAKEN,BTC,TRADER0163,262830.59,2026-08-01T08:15:47
TRD001146,BYBIT,ETH,TRADER0010,1382.34,2026-08-01T10:14:31
TRD001147,OKX,ETH,TRADER0156,2862.82,2026-08-01T09:17:45
TRD001148,KRAKEN,DOGE,TRADER0087,315014.25,2026-08-01T13:03:11
TRD001149,BYBIT,BTC,TRADER0001,484445.78,2026-08-01T13:56:39
TRD001150,COINBASE,BTC,TRADER0031,292874.5,2026-08-01T11:27:36
TRD001151,KRAKEN,ETH,TRADER0300,4211.39,2026-08-01T12:51:41
TRD001152,OKX,BTC,TRADER0154,494.09,2026-08-01T13:03:54
TRD001153,KRAKEN,XRP,TRADER0108,482966.87,2026-08-01T11:07:07
TRD001154,KRAKEN,XRP,TRADER0140,493208.78,2026-08-01T09:55:01
TRD001155,BYBIT,DOGE,TRADER0169,128.58,2026-08-01T13:32:28
TRD001156,BYBIT,BTC,TRADER0005,265265.21,2026-08-01T11:34:30
TRD001157,OKX,BTC,TRADER0040,457028.88,2026-08-01T09:07:24
TRD001158,KRAKEN,XRP,TRADER0184,1964.42,2026-08-01T09:08:08
TRD001159,BYBIT,SOL,TRADER0099,2250.66,2026-08-01T10:33:32
TRD001160,KRAKEN,ETH,TRADER0047,4090.59,2026-08-01T10:07:56
TRD001161,BYBIT,SOL,TRADER0019,1439.74,2026-08-01T08:03:53
TRD001162,COINBASE,XRP,TRADER0057,327640.89,2026-08-01T09:33:06
TRD001163,OKX,ETH,TRADER0290,3377.27,2026-08-01T08:35:41
TRD001164,OKX,ETH,TRADER0034,680.78,2026-08-01T12:45:40
TRD001165,KRAKEN,ETH,TRADER0012,377194.33,2026-08-01T13:05:53
TRD001166,BYBIT,BTC,TRADER0219,3222.78,2026-08-01T10:56:24
TRD001167,BYBIT,XRP,TRADER0141,307318.11,2026-08-01T11:17:24
TRD001168,OKX,BTC,TRADER0115,467356.6,2026-08-01T10:52:42
TRD001169,BINANCE,XRP,TRADER0100,1706.79,2026-08-01T10:03:13
TRD001170,BYBIT,BTC,TRADER0128,1024.54,2026-08-01T13:41:52
TRD001171,BINANCE,BTC,TRADER0246,109609.41,2026-08-01T10:16:45
TRD001172,COINBASE,BTC,TRADER0243,1229.88,2026-08-01T11:02:11
TRD001173,OKX,ETH,TRADER0038,3889.96,2026-08-01T13:41:31
TRD001174,BYBIT,DOGE,TRADER0064,473.4,2026-08-01T11:26:06
TRD001175,KRAKEN,BTC,TRADER0066,356.91,2026-08-01T10:44:38
TRD001176,OKX,XRP,TRADER0034,554.05,2026-08-01T10:41:03
TRD001177,BYBIT,XRP,TRADER0050,3105.64,2026-08-01T12:07:37
TRD001178,BYBIT,XRP,TRADER0220,347692.22,2026-08-01T13:55:29
TRD001179,BINANCE,XRP,TRADER0265,1674.56,2026-08-01T08:06:42
TRD001180,OKX,BTC,TRADER0100,150392.65,2026-08-01T11:14:05
TRD001181,BYBIT,XRP,TRADER0228,970.32,2026-08-01T08:33:02
TRD001182,COINBASE,SOL,TRADER0300,483896.54,2026-08-01T10:49:57
TRD001183,OKX,DOGE,TRADER0075,223469.77,2026-08-01T10:38:57
TRD001184,KRAKEN,BTC,TRADER0266,2952.88,2026-08-01T10:09:38
TRD001185,OKX,DOGE,TRADER0028,2139.2,2026-08-01T13:49:49
TRD001186,COINBASE,BTC,TRADER0175,290290.02,2026-08-01T13:27:33
TRD001187,KRAKEN,DOGE,TRADER0290,346441.25,2026-08-01T10:59:28
TRD001188,COINBASE,BTC,TRADER0233,464217.21,2026-08-01T09:59:49
TRD001189,BINANCE,ETH,TRADER0118,185255.4,2026-08-01T11:01:03
TRD001190,BYBIT,ETH,TRADER0205,495951.22,2026-08-01T08:05:24
TRD001191,BINANCE,SOL,TRADER0016,156960.79,2026-08-01T09:46:10
TRD001192,OKX,SOL,TRADER0023,179649.15,2026-08-01T09:35:06
TRD001193,COINBASE,SOL,TRADER0090,1732.1,2026-08-01T09:47:02
TRD001194,BINANCE,ETH,TRADER0135,4557.71,2026-08-01T11:26:56
TRD001195,BINANCE,SOL,TRADER0108,196059.97,2026-08-01T09:33:35
TRD001196,OKX,DOGE,TRADER0223,4398.02,2026-08-01T09:11:25
TRD001197,COINBASE,ETH,TRADER0273,249702.12,2026-08-01T13:47:25
TRD001198,COINBASE,BTC,TRADER0097,4279.46,2026-08-01T10:58:57
TRD001199,COINBASE,BTC,TRADER0144,440601.06,2026-08-01T09:54:16
TRD001200,BINANCE,XRP,TRADER0034,255246.34,2026-08-01T12:32:17
TRD001201,OKX,XRP,TRADER0092,249551.49,2026-08-01T12:30:13
TRD001202,BYBIT,SOL,TRADER0298,2034.68,2026-08-01T09:53:09
TRD001203,COINBASE,ETH,TRADER0232,258359.99,2026-08-01T11:52:07
TRD001204,BYBIT,DOGE,TRADER0081,4680.72,2026-08-01T09:13:21
TRD001205,BINANCE,SOL,TRADER0228,2618.16,2026-08-01T12:14:05
TRD001206,OKX,DOGE,TRADER0173,287020.4,2026-08-01T11:20:42
TRD001207,BYBIT,SOL,TRADER0140,1942.74,2026-08-01T10:25:03
TRD001208,BINANCE,SOL,TRADER0043,1507.86,2026-08-01T10:30:57
TRD001209,COINBASE,BTC,TRADER0061,403.18,2026-08-01T11:02:16
TRD001210,COINBASE,SOL,TRADER0129,426225.91,2026-08-01T09:44:06
TRD001211,OKX,ETH,TRADER0279,103413.55,2026-08-01T10:33:55
TRD001212,KRAKEN,XRP,TRADER0208,4118.21,2026-08-01T12:17:46
TRD001213,OKX,ETH,TRADER0204,1176.51,2026-08-01T12:19:06
TRD001214,COINBASE,DOGE,TRADER0283,389004.14,2026-08-01T11:06:02
TRD001215,BINANCE,SOL,TRADER0097,476771.91,2026-08-01T09:54:27
TRD001216,BYBIT,XRP,TRADER0286,199.02,2026-08-01T10:46:52
TRD001217,BINANCE,XRP,TRADER0182,267658.93,2026-08-01T12:53:36
TRD001218,KRAKEN,SOL,TRADER0012,2859.51,2026-08-01T09:23:56
TRD001219,KRAKEN,DOGE,TRADER0294,4341.38,2026-08-01T11:33:20
TRD001220,BINANCE,DOGE,TRADER0198,143455.34,2026-08-01T13:48:58
TRD001221,KRAKEN,BTC,TRADER0088,566.35,2026-08-01T13:29:31
TRD001222,BYBIT,BTC,TRADER0096,464538.12,2026-08-01T10:35:00
TRD001223,COINBASE,ETH,TRADER0150,3314.87,2026-08-01T11:21:19
TRD001224,OKX,BTC,TRADER0088,463924.98,2026-08-01T09:25:45
TRD001225,BINANCE,ETH,TRADER0275,397257.1,2026-08-01T09:52:45
TRD001226,COINBASE,ETH,TRADER0159,383868.65,2026-08-01T09:26:42
TRD001227,OKX,DOGE,TRADER0159,300990.01,2026-08-01T10:30:25
TRD001228,COINBASE,BTC,TRADER0074,2256.37,2026-08-01T12:47:11
TRD001229,KRAKEN,DOGE,TRADER0252,2328.01,2026-08-01T10:37:14
TRD001230,BYBIT,SOL,TRADER0153,1985.9,2026-08-01T11:46:40
TRD001231,COINBASE,ETH,TRADER0222,2316.25,2026-08-01T13:10:32
TRD001232,BINANCE,XRP,TRADER0023,448215.84,2026-08-01T13:43:01
TRD001233,OKX,SOL,TRADER0035,,2026-08-01T12:29:30
TRD001234,BYBIT,DOGE,TRADER0063,4976.82,2026-08-01T12:35:28
TRD001235,KRAKEN,XRP,TRADER0231,865.95,2026-08-01T12:12:24
TRD001236,BINANCE,BTC,TRADER0237,1936.72,2026-08-01T11:36:38
TRD001237,BINANCE,BTC,TRADER0129,466854.79,2026-08-01T12:13:32
TRD001238,BYBIT,XRP,TRADER0035,362809.04,2026-08-01T09:16:35
TRD001239,BYBIT,SOL,TRADER0083,894.42,2026-08-01T09:36:47
TRD001240,KRAKEN,BTC,TRADER0274,3720.16,2026-08-01T10:29:13
TRD001241,COINBASE,XRP,TRADER0184,930.8,2026-08-01T12:01:25
TRD001242,BINANCE,DOGE,TRADER0053,1983.56,2026-08-01T13:26:41
TRD001243,BINANCE,BTC,TRADER0194,471528.22,2026-08-01T10:10:16
TRD001244,COINBASE,BTC,TRADER0009,495716.25,2026-08-01T09:44:56
TRD001245,BINANCE,ETH,TRADER0050,3994.77,2026-08-01T09:31:13
TRD001246,BINANCE,XRP,TRADER0263,583.03,2026-08-01T13:41:09
TRD001247,COINBASE,DOGE,TRADER0203,4697.67,2026-08-01T08:57:49
TRD001248,KRAKEN,SOL,TRADER0089,124.22,2026-08-01T11:32:32
TRD001249,COINBASE,XRP,TRADER0113,426033.96,2026-08-01T08:23:59
TRD001250,BINANCE,ETH,TRADER0211,1542.59,2026-08-01T12:52:49
TRD001251,OKX,ETH,TRADER0129,339946.86,2026-08-01T09:12:35
TRD001252,KRAKEN,ETH,TRADER0163,4891.21,2026-08-01T11:03:00
TRD001253,BINANCE,DOGE,TRADER0300,2272.11,2026-08-01T12:34:56
TRD001254,OKX,BTC,TRADER0120,155.01,2026-08-01T10:48:40
TRD001255,COINBASE,XRP,TRADER0125,123969.21,2026-08-01T12:32:22
TRD001256,KRAKEN,ETH,TRADER0078,1909.95,2026-08-01T13:26:37
TRD001257,BYBIT,SOL,TRADER0069,1426.73,2026-08-01T12:44:27
TRD001258,BYBIT,SOL,TRADER0013,393149.25,2026-08-01T10:12:18
TRD001259,COINBASE,DOGE,TRADER0028,4537.83,2026-08-01T10:01:29
TRD001260,OKX,XRP,TRADER0267,1642.1,2026-08-01T08:35:17
TRD001261,BYBIT,BTC,TRADER0099,307.93,2026-08-01T09:08:34
TRD001262,BINANCE,ETH,TRADER0282,4164.54,2026-08-01T12:37:07
TRD001263,BINANCE,XRP,TRADER0240,1591.74,2026-08-01T11:51:34
TRD001264,COINBASE,DOGE,TRADER0128,1550.35,2026-08-01T10:28:28
TRD001265,BYBIT,BTC,TRADER0185,167106.42,2026-08-01T11:50:50
TRD001266,,DOGE,TRADER0222,427841.52,2026-08-01T08:10:49
TRD001267,BYBIT,XRP,TRADER0043,3806.35,2026-08-01T13:01:55
TRD001268,COINBASE,SOL,TRADER0195,281441.24,2026-08-01T13:07:00
TRD001269,OKX,XRP,TRADER0037,1699.51,2026-08-01T09:24:30
TRD001270,COINBASE,BTC,TRADER0007,392147.46,2026-08-01T12:28:23
TRD001271,BYBIT,XRP,TRADER0203,249257.96,2026-08-01T10:48:06
TRD001272,OKX,BTC,TRADER0210,4430.75,2026-08-01T11:30:09
TRD001273,OKX,ETH,TRADER0100,482838.75,2026-08-01T12:38:18
TRD001274,BYBIT,SOL,TRADER0030,3271.99,2026-08-01T10:12:21
TRD001275,BYBIT,BTC,TRADER0186,3173.22,2026-08-01T10:22:43
TRD001276,OKX,XRP,TRADER0076,1308.73,2026-08-01T08:06:44
TRD001277,BINANCE,BTC,TRADER0197,2018.45,2026-08-01T12:43:11
TRD001278,COINBASE,XRP,TRADER0085,201148.49,2026-08-01T12:33:25
TRD001279,OKX,XRP,TRADER0158,3682.97,2026-08-01T08:59:40
TRD001280,OKX,SOL,TRADER0074,183810.22,2026-08-01T10:48:15
TRD001281,BINANCE,ETH,TRADER0252,127936.6,2026-08-01T12:46:41
TRD001282,BYBIT,SOL,TRADER0221,894.64,2026-08-01T09:48:08
TRD001283,BYBIT,ETH,TRADER0258,4744.99,2026-08-01T09:41:22
TRD001284,COINBASE,BTC,TRADER0094,176753.93,2026-08-01T12:00:41
TRD001285,OKX,BTC,TRADER0086,445.06,2026-08-01T10:31:08
TRD001286,BINANCE,SOL,TRADER0016,2948.95,2026-08-01T08:05:11
TRD001287,BINANCE,SOL,TRADER0004,3343.35,2026-08-01T08:52:53
TRD001288,COINBASE,DOGE,TRADER0004,308029.65,2026-08-01T12:25:22
TRD001289,BYBIT,SOL,TRADER0220,372744.0,2026-08-01T10:52:09
TRD001290,COINBASE,SOL,TRADER0205,122896.62,2026-08-01T11:00:21
TRD001291,BINANCE,BTC,TRADER0234,4359.18,2026-08-01T08:14:01
TRD001292,OKX,BTC,TRADER0272,1433.36,2026-08-01T11:21:12
TRD001293,BYBIT,DOGE,TRADER0244,2598.82,2026-08-01T13:48:28
TRD001294,KRAKEN,BTC,TRADER0185,487839.03,2026-08-01T12:02:39
TRD001295,COINBASE,DOGE,TRADER0249,2030.82,2026-08-01T11:10:14
TRD001296,BYBIT,XRP,TRADER0052,3684.67,2026-08-01T09:18:11
TRD001297,OKX,DOGE,TRADER0259,207.14,2026-08-01T10:44:34
TRD001298,OKX,XRP,TRADER0087,482020.49,2026-08-01T12:55:16
TRD001299,COINBASE,ETH,TRADER0109,893.64,2026-08-01T08:57:36
TRD001300,BYBIT,BTC,TRADER0083,230600.32,2026-08-01T10:33:06
TRD001301,COINBASE,SOL,TRADER0244,4759.94,2026-08-01T12:51:55
TRD001302,BYBIT,BTC,TRADER0171,4366.11,2026-08-01T13:51:42
TRD001303,KRAKEN,XRP,TRADER0196,414032.75,2026-08-01T10:07:26
TRD001304,COINBASE,SOL,TRADER0060,144553.01,2026-08-01T13:23:25
TRD001305,COINBASE,BTC,TRADER0294,441332.12,2026-08-01T13:15:04
TRD001306,BINANCE,SOL,TRADER0032,175943.07,2026-08-01T11:51:23
TRD001307,KRAKEN,SOL,TRADER0065,2622.77,2026-08-01T08:58:12
TRD001308,BYBIT,BTC,TRADER0276,226370.49,2026-08-01T09:59:33
TRD001309,BYBIT,XRP,TRADER0076,3027.25,2026-08-01T13:27:04
TRD001310,KRAKEN,SOL,TRADER0258,149385.61,2026-08-01T13:44:39
TRD001311,COINBASE,XRP,TRADER0150,250683.45,2026-08-01T09:23:23
TRD001312,COINBASE,ETH,TRADER0027,410415.49,2026-08-01T11:33:58
TRD001313,KRAKEN,ETH,TRADER0012,234964.06,2026-08-01T11:10:13
TRD001314,BYBIT,XRP,TRADER0037,2662.83,2026-08-01T12:59:17
TRD001315,BYBIT,BTC,TRADER0068,1650.92,2026-08-01T10:46:03
TRD001316,BYBIT,ETH,TRADER0296,378382.21,2026-08-01T09:19:05
TRD001317,COINBASE,ETH,TRADER0101,3689.83,2026-08-01T09:20:36
TRD001318,BYBIT,XRP,TRADER0087,138419.09,2026-08-01T09:38:06
TRD001319,BINANCE,BTC,TRADER0264,3267.98,2026-08-01T13:42:24
TRD001320,BYBIT,ETH,TRADER0018,258657.92,2026-08-01T13:25:34
TRD001321,COINBASE,XRP,TRADER0046,445958.32,2026-08-01T10:30:18
TRD001322,BYBIT,SOL,TRADER0006,133054.8,2026-08-01T13:50:17
TRD001323,OKX,ETH,TRADER0012,494939.73,2026-08-01T10:29:29
TRD001324,BINANCE,DOGE,TRADER0093,499981.68,2026-08-01T10:42:56
TRD001325,OKX,ETH,TRADER0051,1659.88,2026-08-01T11:41:21
TRD001326,BINANCE,XRP,TRADER0285,413389.82,2026-08-01T08:34:54
TRD001327,OKX,DOGE,TRADER0276,3583.06,2026-08-01T09:53:18
TRD001328,BINANCE,ETH,TRADER0093,278893.15,2026-08-01T09:07:11
TRD001329,BINANCE,ETH,TRADER0295,164484.1,2026-08-01T08:19:07
TRD001330,BINANCE,BTC,TRADER0260,1527.96,2026-08-01T11:51:02
TRD001331,BINANCE,ETH,TRADER0154,478317.84,2026-08-01T13:59:59
TRD001332,OKX,XRP,TRADER0072,378040.6,2026-08-01T13:31:03
TRD001333,OKX,DOGE,TRADER0108,3455.26,2026-08-01T10:09:29
TRD001334,BINANCE,ETH,TRADER0073,1533.56,2026-08-01T13:28:51
TRD001335,OKX,ETH,TRADER0184,391641.76,2026-08-01T08:40:36
TRD001336,OKX,SOL,TRADER0134,461463.97,2026-08-01T12:09:04
TRD001337,BINANCE,SOL,TRADER0218,4703.99,2026-08-01T08:38:32
TRD001338,KRAKEN,ETH,TRADER0191,2840.03,2026-08-01T11:49:12
TRD001339,COINBASE,SOL,TRADER0223,1925.76,2026-08-01T08:42:20
TRD001340,KRAKEN,BTC,TRADER0273,594.45,2026-08-01T10:59:52
TRD001341,BINANCE,SOL,TRADER0171,3901.45,2026-08-01T10:29:26
TRD001342,BINANCE,BTC,TRADER0194,4898.45,2026-08-01T09:07:26
TRD001343,COINBASE,DOGE,TRADER0157,2964.69,2026-08-01T12:48:52
TRD001344,KRAKEN,DOGE,TRADER0145,2780.13,2026-08-01T09:33:15
TRD001345,KRAKEN,XRP,TRADER0093,396518.86,2026-08-01T12:20:25
TRD001346,OKX,ETH,TRADER0133,97.01,2026-08-01T13:59:07
TRD001347,COINBASE,ETH,TRADER0194,206947.96,2026-08-01T10:16:02
TRD001348,OKX,XRP,TRADER0235,494498.51,2026-08-01T12:34:17
TRD001349,KRAKEN,SOL,TRADER0220,2626.94,2026-08-01T10:46:40
TRD001350,BINANCE,SOL,TRADER0209,3864.36,2026-08-01T08:41:53
TRD001351,COINBASE,BTC,TRADER0085,133834.05,2026-08-01T13:02:38
TRD001352,BYBIT,BTC,TRADER0218,3401.31,2026-08-01T12:21:57
TRD001353,BYBIT,DOGE,TRADER0273,3504.52,2026-08-01T08:03:58
TRD001354,BYBIT,DOGE,TRADER0177,1258.92,2026-08-01T13:31:42
TRD001355,BYBIT,ETH,TRADER0269,169925.68,2026-08-01T09:12:48
TRD001356,OKX,SOL,TRADER0027,251637.91,2026-08-01T09:01:50
TRD001357,KRAKEN,ETH,TRADER0277,443122.46,2026-08-01T10:43:23
TRD001358,BYBIT,SOL,TRADER0136,395210.29,2026-08-01T09:58:45
TRD001359,KRAKEN,DOGE,TRADER0019,456997.56,2026-08-01T08:31:24
TRD001360,KRAKEN,BTC,TRADER0236,1676.33,2026-08-01T11:10:59
TRD001361,COINBASE,XRP,TRADER0182,93.88,2026-08-01T08:46:16
TRD001362,OKX,DOGE,TRADER0079,2083.06,2026-08-01T09:24:59
TRD001363,KRAKEN,ETH,TRADER0241,219713.98,2026-08-01T09:39:29
TRD001364,OKX,SOL,TRADER0056,362511.86,2026-08-01T09:28:22
TRD001365,COINBASE,SOL,TRADER0223,78.76,2026-08-01T09:00:26
TRD001366,COINBASE,SOL,TRADER0021,268422.31,2026-08-01T08:17:15
TRD001367,COINBASE,ETH,TRADER0246,4800.51,2026-08-01T11:49:58
TRD001368,BYBIT,DOGE,TRADER0254,385728.38,2026-08-01T11:38:23
TRD001369,OKX,XRP,TRADER0068,593.18,2026-08-01T09:08:52
TRD001370,COINBASE,SOL,TRADER0257,,2026-08-01T11:06:51
TRD001371,BYBIT,DOGE,TRADER0005,215786.65,2026-08-01T08:45:07
TRD001372,BYBIT,ETH,TRADER0079,174744.09,2026-08-01T09:02:48
TRD001373,KRAKEN,ETH,TRADER0220,1032.14,2026-08-01T12:34:20
TRD001374,OKX,ETH,TRADER0097,4963.13,2026-08-01T10:05:16
TRD001375,BINANCE,ETH,TRADER0206,239.91,2026-08-01T11:52:49
TRD001376,BINANCE,DOGE,TRADER0103,120382.15,2026-08-01T12:46:42
TRD001377,KRAKEN,ETH,TRADER0114,291678.1,2026-08-01T13:51:38
TRD001378,BINANCE,SOL,TRADER0057,212222.38,2026-08-01T11:48:19
TRD001379,COINBASE,SOL,TRADER0025,100214.37,2026-08-01T09:55:46
TRD001380,KRAKEN,XRP,TRADER0144,4546.99,2026-08-01T10:17:46
TRD001381,BYBIT,SOL,TRADER0172,1556.57,2026-08-01T13:01:20
TRD001382,COINBASE,SOL,TRADER0185,244553.99,2026-08-01T10:10:07
TRD001383,KRAKEN,ETH,TRADER0300,1951.04,2026-08-01T13:43:49
TRD001384,OKX,BTC,TRADER0022,2953.48,2026-08-01T09:45:21
TRD001385,BYBIT,BTC,TRADER0039,347604.15,2026-08-01T12:18:58
TRD001386,COINBASE,DOGE,TRADER0079,176682.69,2026-08-01T13:06:01
TRD001387,KRAKEN,SOL,TRADER0230,146971.57,2026-08-01T08:36:58
TRD001388,BYBIT,XRP,TRADER0269,4660.1,2026-08-01T09:31:10
TRD001389,OKX,SOL,TRADER0067,1483.8,2026-08-01T09:43:52
TRD001390,BYBIT,XRP,TRADER0273,4357.77,2026-08-01T11:59:04
TRD001391,OKX,XRP,TRADER0288,260339.58,2026-08-01T09:53:00
TRD001392,COINBASE,BTC,TRADER0082,2880.89,2026-08-01T12:40:03
TRD001393,BYBIT,DOGE,TRADER0269,440990.03,2026-08-01T10:26:38
TRD001394,OKX,BTC,TRADER0088,313426.32,2026-08-01T08:21:20
TRD001395,COINBASE,SOL,TRADER0069,1388.65,2026-08-01T09:54:40
TRD001396,OKX,BTC,TRADER0001,353073.15,2026-08-01T10:57:15
TRD001397,BINANCE,DOGE,TRADER0136,263337.15,2026-08-01T10:57:17
TRD001398,BINANCE,BTC,TRADER0183,1135.43,2026-08-01T10:19:48
TRD001399,BINANCE,DOGE,TRADER0299,398307.92,2026-08-01T13:57:04
TRD001400,KRAKEN,DOGE,TRADER0283,276873.96,2026-08-01T10:26:47
TRD001401,COINBASE,DOGE,TRADER0203,192689.26,2026-08-01T11:21:19
TRD001402,COINBASE,XRP,TRADER0048,2505.01,2026-08-01T09:43:08
TRD001403,OKX,XRP,TRADER0093,3255.44,2026-08-01T09:37:03
TRD001404,BYBIT,DOGE,TRADER0097,393.8,2026-08-01T12:08:30
TRD001405,BYBIT,BTC,TRADER0270,729.59,2026-08-01T13:29:28
TRD001406,BINANCE,XRP,TRADER0197,152.54,2026-08-01T09:12:11
TRD001407,COINBASE,BTC,TRADER0138,756.05,2026-08-01T08:05:07
TRD001408,BINANCE,DOGE,TRADER0174,4270.97,2026-08-01T12:22:22
TRD001409,OKX,XRP,TRADER0084,1571.56,2026-08-01T08:30:30
TRD001410,OKX,SOL,TRADER0279,659.22,2026-08-01T12:57:26
TRD001411,KRAKEN,BTC,TRADER0262,4437.96,2026-08-01T10:02:30
TRD001412,BINANCE,ETH,TRADER0219,241323.96,2026-08-01T10:03:21
TRD001413,BYBIT,BTC,TRADER0252,889.32,2026-08-01T10:33:54
TRD001414,KRAKEN,BTC,TRADER0171,635.84,2026-08-01T08:23:40
TRD001415,OKX,ETH,TRADER0092,2171.71,2026-08-01T11:52:14
TRD001416,COINBASE,SOL,TRADER0147,141569.03,2026-08-01T11:21:35
TRD001417,KRAKEN,BTC,TRADER0002,4315.48,2026-08-01T10:54:54
TRD001418,COINBASE,XRP,TRADER0229,414218.44,2026-08-01T08:36:45
TRD001419,BINANCE,DOGE,TRADER0219,4799.95,2026-08-01T10:56:25
TRD001420,COINBASE,ETH,TRADER0198,297682.59,2026-08-01T11:46:04
TRD001421,OKX,SOL,TRADER0071,4020.6,2026-08-01T11:29:16
TRD001422,BYBIT,DOGE,TRADER0255,2716.8,2026-08-01T11:30:03
TRD001423,BINANCE,DOGE,TRADER0216,2658.38,2026-08-01T08:47:39
TRD001424,COINBASE,SOL,TRADER0002,440238.04,2026-08-01T13:04:56
TRD001425,BYBIT,ETH,TRADER0057,344.91,2026-08-01T10:40:56
TRD001426,BYBIT,ETH,TRADER0283,4860.51,2026-08-01T09:55:05
TRD001427,COINBASE,BTC,TRADER0071,630.32,2026-08-01T11:26:08
TRD001428,BINANCE,XRP,TRADER0191,317.71,2026-08-01T12:20:24
TRD001429,OKX,ETH,TRADER0016,777.09,2026-08-01T08:42:05
TRD001430,BINANCE,DOGE,TRADER0214,791.1,2026-08-01T12:48:03
TRD001431,KRAKEN,XRP,TRADER0211,3626.66,2026-08-01T10:36:36
TRD001432,BINANCE,ETH,TRADER0031,4411.73,2026-08-01T12:34:51
TRD001433,COINBASE,BTC,TRADER0203,371961.42,2026-08-01T13:02:38
TRD001434,KRAKEN,DOGE,TRADER0257,1564.87,2026-08-01T10:28:27
TRD001435,BINANCE,DOGE,TRADER0194,4890.74,2026-08-01T11:38:40
TRD001436,OKX,BTC,TRADER0113,1991.84,2026-08-01T12:15:49
TRD001437,BYBIT,SOL,TRADER0208,165929.74,2026-08-01T13:53:09
TRD001438,BYBIT,ETH,TRADER0139,131123.43,2026-08-01T08:15:19
TRD001439,COINBASE,SOL,TRADER0084,2730.76,2026-08-01T10:48:49
TRD001440,COINBASE,DOGE,TRADER0104,112946.72,2026-08-01T08:46:26
TRD001441,OKX,DOGE,TRADER0023,2840.51,2026-08-01T08:26:14
TRD001442,KRAKEN,BTC,TRADER0159,242659.66,2026-08-01T11:37:26
TRD001443,OKX,ETH,TRADER0162,3771.62,2026-08-01T08:53:10
TRD001444,KRAKEN,XRP,TRADER0258,549.96,2026-08-01T08:12:56
TRD001445,OKX,XRP,TRADER0245,440810.84,2026-08-01T09:28:02
TRD001446,COINBASE,XRP,TRADER0041,4431.76,2026-08-01T09:57:46
TRD001447,COINBASE,ETH,TRADER0257,391488.26,2026-08-01T12:04:23
TRD001448,COINBASE,SOL,TRADER0149,442381.02,2026-08-01T08:21:51
TRD001449,BYBIT,ETH,TRADER0107,4985.2,2026-08-01T13:09:36
TRD001450,BYBIT,BTC,TRADER0008,755.98,2026-08-01T12:32:28
TRD001451,BINANCE,XRP,TRADER0161,890.1,2026-08-01T10:32:58
TRD001452,OKX,SOL,TRADER0181,171674.5,2026-08-01T10:20:52
TRD001453,BYBIT,SOL,TRADER0227,3268.95,2026-08-01T13:10:36
TRD001454,BYBIT,BTC,TRADER0187,4302.07,2026-08-01T12:00:45
TRD001455,KRAKEN,DOGE,TRADER0161,372880.36,2026-08-01T10:23:32
TRD001456,BINANCE,DOGE,TRADER0030,3718.16,2026-08-01T09:24:24
TRD001457,BINANCE,SOL,TRADER0193,833.12,2026-08-01T10:01:48
TRD001458,BYBIT,XRP,TRADER0048,287395.48,2026-08-01T08:59:35
TRD001459,BINANCE,ETH,TRADER0056,468996.3,2026-08-01T09:48:56
TRD001460,BYBIT,SOL,TRADER0034,498575.29,2026-08-01T09:56:07
TRD001461,BYBIT,BTC,TRADER0143,318032.49,2026-08-01T09:19:28
TRD001462,COINBASE,SOL,TRADER0291,340430.97,2026-08-01T08:34:04
TRD001463,KRAKEN,XRP,TRADER0243,1106.43,2026-08-01T11:50:58
TRD001464,KRAKEN,SOL,TRADER0091,127703.62,2026-08-01T08:44:37
TRD001465,KRAKEN,XRP,TRADER0215,367857.76,2026-08-01T09:40:31
TRD001466,BINANCE,BTC,TRADER0220,1742.99,2026-08-01T09:48:27
TRD001467,KRAKEN,XRP,TRADER0247,2403.72,2026-08-01T11:58:32
TRD001468,KRAKEN,DOGE,TRADER0200,4123.93,2026-08-01T08:42:29
TRD001469,OKX,DOGE,TRADER0075,494547.18,2026-08-01T08:07:44
TRD001470,COINBASE,XRP,TRADER0076,226563.14,2026-08-01T10:23:31
TRD001471,OKX,BTC,TRADER0231,442906.83,2026-08-01T13:48:56
TRD001472,OKX,BTC,TRADER0019,491612.8,2026-08-01T12:58:14
TRD001473,COINBASE,DOGE,TRADER0194,1119.88,2026-08-01T13:15:01
TRD001474,BINANCE,SOL,TRADER0187,130.15,2026-08-01T12:32:35
TRD001475,BYBIT,XRP,TRADER0211,431274.34,2026-08-01T12:45:43
TRD001476,KRAKEN,BTC,TRADER0091,2321.18,2026-08-01T12:56:25
TRD001477,,XRP,TRADER0146,375420.26,2026-08-01T13:46:18
TRD001478,KRAKEN,DOGE,TRADER0051,4977.05,2026-08-01T08:48:57
TRD001479,BINANCE,DOGE,TRADER0211,563.19,2026-08-01T13:45:59
TRD001480,BYBIT,DOGE,TRADER0298,367084.05,2026-08-01T09:55:42
TRD001481,COINBASE,XRP,TRADER0283,178224.1,2026-08-01T09:07:57
TRD001482,KRAKEN,XRP,TRADER0212,357943.77,2026-08-01T08:04:09
TRD001483,KRAKEN,ETH,TRADER0260,451842.86,2026-08-01T10:47:52
TRD001484,BYBIT,ETH,TRADER0003,4505.93,2026-08-01T08:14:20
TRD001485,COINBASE,SOL,TRADER0266,339978.27,2026-08-01T09:33:04
TRD001486,OKX,XRP,TRADER0124,256544.96,2026-08-01T08:28:10
TRD001487,OKX,XRP,TRADER0066,4699.99,2026-08-01T11:40:09
TRD001488,KRAKEN,DOGE,TRADER0082,2215.14,2026-08-01T12:35:23
TRD001489,BINANCE,DOGE,TRADER0201,350927.35,2026-08-01T13:01:57
TRD001490,COINBASE,SOL,TRADER0105,511.61,2026-08-01T13:43:27
TRD001491,OKX,ETH,TRADER0015,3109.59,2026-08-01T13:12:16
TRD001492,BYBIT,BTC,TRADER0067,353785.26,2026-08-01T09:41:53
TRD001493,COINBASE,ETH,TRADER0153,436182.72,2026-08-01T10:22:15
TRD001494,BINANCE,SOL,TRADER0043,4678.13,2026-08-01T09:00:35
TRD001495,BYBIT,DOGE,TRADER0063,580.03,2026-08-01T08:50:40
TRD001496,BINANCE,XRP,TRADER0186,4567.96,2026-08-01T12:28:10
TRD001497,BINANCE,XRP,TRADER0038,2458.26,2026-08-01T11:49:19
TRD001498,BYBIT,SOL,TRADER0231,4052.32,2026-08-01T09:37:34
TRD001499,OKX,DOGE,TRADER0017,237124.18,2026-08-01T12:24:16
TRD001500,OKX,DOGE,TRADER0280,308699.42,2026-08-01T09:06:24
TRD001501,COINBASE,DOGE,TRADER0016,2702.97,2026-08-01T09:58:07
TRD001502,KRAKEN,BTC,TRADER0112,196.01,2026-08-01T09:09:07
TRD001503,KRAKEN,SOL,TRADER0247,136787.94,2026-08-01T12:15:04
TRD001504,BYBIT,XRP,TRADER0263,468939.24,2026-08-01T09:34:27
TRD001505,COINBASE,SOL,TRADER0202,417261.29,2026-08-01T09:30:28
TRD001506,COINBASE,XRP,TRADER0222,269494.93,2026-08-01T10:54:04
TRD001507,OKX,BTC,TRADER0197,,2026-08-01T13:45:32
TRD001508,BINANCE,XRP,TRADER0086,483238.98,2026-08-01T13:20:30
TRD001509,BYBIT,SOL,TRADER0272,1793.65,2026-08-01T10:56:13
TRD001510,BYBIT,ETH,TRADER0184,186073.67,2026-08-01T11:23:08
TRD001511,COINBASE,SOL,TRADER0063,375316.97,2026-08-01T09:56:44
TRD001512,BYBIT,DOGE,TRADER0165,324656.23,2026-08-01T10:34:53
TRD001513,OKX,ETH,TRADER0270,1126.44,2026-08-01T13:13:27
TRD001514,BYBIT,XRP,TRADER0163,4076.3,2026-08-01T12:29:45
TRD001515,BYBIT,BTC,TRADER0141,2135.12,2026-08-01T13:28:27
TRD001516,KRAKEN,DOGE,TRADER0197,1220.29,2026-08-01T13:51:31
TRD001517,OKX,BTC,TRADER0237,436657.15,2026-08-01T08:20:12
TRD001518,OKX,DOGE,TRADER0021,106508.92,2026-08-01T08:51:56
TRD001519,BYBIT,SOL,TRADER0141,1620.09,2026-08-01T13:03:53
TRD001520,KRAKEN,XRP,TRADER0025,378582.78,2026-08-01T12:29:25
TRD001521,BINANCE,SOL,TRADER0053,194.98,2026-08-01T09:15:46
TRD001522,BINANCE,SOL,TRADER0224,135206.69,2026-08-01T12:53:34
TRD001523,BINANCE,BTC,TRADER0133,4422.43,2026-08-01T10:46:10
TRD001524,BINANCE,SOL,TRADER0169,416651.13,2026-08-01T10:27:24
TRD001525,COINBASE,ETH,TRADER0299,2330.43,2026-08-01T13:19:00
TRD001526,BYBIT,XRP,TRADER0063,196209.38,2026-08-01T12:27:39
TRD001527,KRAKEN,SOL,TRADER0248,205524.81,2026-08-01T08:45:13
TRD001528,KRAKEN,DOGE,TRADER0125,3314.43,2026-08-01T08:42:36
TRD001529,BINANCE,XRP,TRADER0031,368199.58,2026-08-01T11:30:17
TRD001530,COINBASE,XRP,TRADER0054,425598.17,2026-08-01T10:50:17
TRD001531,BYBIT,ETH,TRADER0259,152024.2,2026-08-01T11:30:34
TRD001532,BYBIT,DOGE,TRADER0263,1054.95,2026-08-01T10:31:44
TRD001533,BYBIT,ETH,TRADER0158,4759.9,2026-08-01T09:20:26
TRD001534,BYBIT,BTC,TRADER0057,1240.78,2026-08-01T10:25:41
TRD001535,BINANCE,XRP,TRADER0272,2290.57,2026-08-01T11:13:33
TRD001536,BYBIT,ETH,TRADER0078,272339.37,2026-08-01T08:29:01
TRD001537,BYBIT,SOL,TRADER0190,359448.7,2026-08-01T09:45:54
TRD001538,KRAKEN,ETH,TRADER0207,210370.28,2026-08-01T12:43:14
TRD001539,BYBIT,BTC,TRADER0026,3249.41,2026-08-01T09:02:54
TRD001540,BINANCE,BTC,TRADER0295,1367.58,2026-08-01T10:30:26
TRD001541,COINBASE,DOGE,TRADER0208,140521.71,2026-08-01T12:30:25
TRD001542,COINBASE,ETH,TRADER0105,215197.02,2026-08-01T08:01:41
TRD001543,BINANCE,ETH,TRADER0258,348847.34,2026-08-01T10:10:19
TRD001544,COINBASE,SOL,TRADER0036,232862.13,2026-08-01T09:17:27
TRD001545,BINANCE,XRP,TRADER0220,171006.02,2026-08-01T08:42:02
TRD001546,COINBASE,BTC,TRADER0181,333263.54,2026-08-01T10:15:10
TRD001547,BYBIT,BTC,TRADER0024,326906.69,2026-08-01T10:04:40
TRD001548,OKX,DOGE,TRADER0086,3787.21,2026-08-01T10:46:21
TRD001549,KRAKEN,XRP,TRADER0252,495917.25,2026-08-01T12:25:41
TRD001550,KRAKEN,SOL,TRADER0235,241050.55,2026-08-01T12:42:48
TRD001551,OKX,XRP,TRADER0058,1386.19,2026-08-01T09:20:46
TRD001552,BYBIT,ETH,TRADER0073,112361.87,2026-08-01T11:16:17
TRD001553,COINBASE,BTC,TRADER0100,4607.2,2026-08-01T10:29:35
TRD001554,OKX,XRP,TRADER0270,464130.93,2026-08-01T11:00:52
TRD001555,BYBIT,DOGE,TRADER0214,4729.07,2026-08-01T08:22:26
TRD001556,OKX,DOGE,TRADER0176,149184.51,2026-08-01T13:09:28
TRD001557,KRAKEN,SOL,TRADER0057,4848.88,2026-08-01T12:14:40
TRD001558,COINBASE,DOGE,TRADER0149,365728.13,2026-08-01T12:25:52
TRD001559,KRAKEN,BTC,TRADER0151,116381.24,2026-08-01T13:23:53
TRD001560,BINANCE,BTC,TRADER0251,1563.82,2026-08-01T08:27:15
TRD001561,KRAKEN,ETH,TRADER0180,4399.67,2026-08-01T08:46:58
TRD001562,KRAKEN,ETH,TRADER0101,467303.93,2026-08-01T09:59:31
TRD001563,BINANCE,XRP,TRADER0182,371400.11,2026-08-01T11:50:46
TRD001564,BYBIT,BTC,TRADER0134,4604.96,2026-08-01T13:07:58
TRD001565,BYBIT,SOL,TRADER0297,407064.14,2026-08-01T09:14:06
TRD001566,BYBIT,DOGE,TRADER0103,134239.17,2026-08-01T12:58:05
TRD001567,COINBASE,XRP,TRADER0224,310628.56,2026-08-01T12:35:09
TRD001568,KRAKEN,XRP,TRADER0182,268202.27,2026-08-01T12:11:55
TRD001569,BINANCE,DOGE,TRADER0014,4789.58,2026-08-01T13:35:59
TRD001570,KRAKEN,ETH,TRADER0298,150909.94,2026-08-01T08:29:14
TRD001571,BYBIT,ETH,TRADER0207,285123.13,2026-08-01T08:29:40
TRD001572,BINANCE,BTC,TRADER0139,359951.98,2026-08-01T13:24:35
TRD001573,BINANCE,SOL,TRADER0290,2433.27,2026-08-01T09:06:19
TRD001574,OKX,DOGE,TRADER0028,306505.61,2026-08-01T09:14:29
TRD001575,COINBASE,ETH,TRADER0155,3159.79,2026-08-01T12:24:51
TRD001576,OKX,ETH,TRADER0059,382.35,2026-08-01T12:43:53
TRD001577,BINANCE,ETH,TRADER0105,109862.55,2026-08-01T11:33:22
TRD001578,BINANCE,BTC,TRADER0154,2052.56,2026-08-01T12:58:34
TRD001579,KRAKEN,DOGE,TRADER0225,346863.41,2026-08-01T09:19:52
TRD001580,BINANCE,ETH,TRADER0073,4101.82,2026-08-01T12:39:21
TRD001581,OKX,ETH,TRADER0244,2428.31,2026-08-01T13:21:32
TRD001582,BYBIT,SOL,TRADER0141,1986.39,2026-08-01T12:13:23
TRD001583,BYBIT,XRP,TRADER0076,282832.91,2026-08-01T08:06:01
TRD001584,OKX,SOL,TRADER0018,457288.39,2026-08-01T08:23:16
TRD001585,KRAKEN,ETH,TRADER0240,4418.0,2026-08-01T09:26:27
TRD001586,KRAKEN,DOGE,TRADER0258,461020.21,2026-08-01T12:40:11
TRD001587,BINANCE,ETH,TRADER0078,387683.64,2026-08-01T12:10:56
TRD001588,COINBASE,SOL,TRADER0156,127284.04,2026-08-01T11:25:37
TRD001589,BYBIT,DOGE,TRADER0093,470964.9,2026-08-01T09:10:40
TRD001590,KRAKEN,DOGE,TRADER0298,346990.01,2026-08-01T08:36:54
TRD001591,BINANCE,BTC,TRADER0082,366104.39,2026-08-01T12:20:11
TRD001592,KRAKEN,ETH,TRADER0122,452302.16,2026-08-01T11:49:24
TRD001593,BINANCE,BTC,TRADER0129,616.65,2026-08-01T12:01:08
TRD001594,KRAKEN,DOGE,TRADER0016,228463.69,2026-08-01T11:26:14
TRD001595,COINBASE,DOGE,TRADER0285,200997.98,2026-08-01T10:36:14
TRD001596,COINBASE,ETH,TRADER0083,2198.61,2026-08-01T08:46:58
TRD001597,OKX,BTC,TRADER0050,1057.52,2026-08-01T11:16:22
TRD001598,BYBIT,DOGE,TRADER0280,236284.52,2026-08-01T09:43:50
TRD001599,COINBASE,DOGE,TRADER0243,2529.21,2026-08-01T08:36:40
TRD001600,BYBIT,XRP,TRADER0193,4376.19,2026-08-01T12:42:29
TRD001601,KRAKEN,BTC,TRADER0061,120591.6,2026-08-01T08:12:18
TRD001602,COINBASE,SOL,TRADER0129,1982.61,2026-08-01T10:37:19
TRD001603,BINANCE,DOGE,TRADER0295,307103.9,2026-08-01T11:38:01
TRD001604,OKX,BTC,TRADER0280,144349.79,2026-08-01T10:23:39
TRD001605,BINANCE,BTC,TRADER0174,2135.96,2026-08-01T09:16:04
TRD001606,COINBASE,DOGE,TRADER0169,4624.66,2026-08-01T10:08:40
TRD001607,BYBIT,BTC,TRADER0289,4526.4,2026-08-01T11:08:52
TRD001608,BINANCE,XRP,TRADER0042,4443.22,2026-08-01T10:27:44
TRD001609,BINANCE,BTC,TRADER0019,190098.02,2026-08-01T11:55:39
TRD001610,BYBIT,SOL,TRADER0117,156.14,2026-08-01T12:51:44
TRD001611,OKX,XRP,TRADER0010,120856.17,2026-08-01T09:08:23
TRD001612,BYBIT,XRP,TRADER0282,275181.14,2026-08-01T11:12:07
TRD001613,COINBASE,SOL,TRADER0224,4594.44,2026-08-01T13:21:27
TRD001614,BINANCE,ETH,TRADER0212,3750.0,2026-08-01T08:08:08
TRD001615,COINBASE,BTC,TRADER0040,275422.35,2026-08-01T08:23:52
TRD001616,KRAKEN,SOL,TRADER0126,151886.5,2026-08-01T12:21:26
TRD001617,BINANCE,BTC,TRADER0040,317458.48,2026-08-01T11:14:56
TRD001618,COINBASE,XRP,TRADER0155,412083.36,2026-08-01T13:56:58
TRD001619,COINBASE,DOGE,TRADER0137,1628.35,2026-08-01T08:29:29
TRD001620,KRAKEN,XRP,TRADER0249,1434.93,2026-08-01T12:44:31
TRD001621,COINBASE,SOL,TRADER0284,1093.31,2026-08-01T08:19:35
TRD001622,COINBASE,XRP,TRADER0233,4767.57,2026-08-01T10:27:37
TRD001623,KRAKEN,DOGE,TRADER0197,1537.04,2026-08-01T10:32:25
TRD001624,OKX,XRP,TRADER0254,253035.27,2026-08-01T08:24:15
TRD001625,COINBASE,ETH,TRADER0195,962.91,2026-08-01T10:46:39
TRD001626,BINANCE,DOGE,TRADER0179,464021.6,2026-08-01T10:23:22
TRD001627,OKX,ETH,TRADER0015,431695.78,2026-08-01T11:53:29
TRD001628,BINANCE,BTC,TRADER0284,388518.81,2026-08-01T12:52:03
TRD001629,BYBIT,XRP,TRADER0294,407604.94,2026-08-01T09:28:46
TRD001630,BYBIT,XRP,TRADER0122,106073.37,2026-08-01T08:46:42
TRD001631,COINBASE,DOGE,TRADER0152,257840.48,2026-08-01T11:17:32
TRD001632,KRAKEN,SOL,TRADER0007,327376.43,2026-08-01T10:24:27
TRD001633,COINBASE,XRP,TRADER0237,135.47,2026-08-01T11:15:54
TRD001634,BYBIT,DOGE,TRADER0112,2072.62,2026-08-01T10:30:58
TRD001635,OKX,DOGE,TRADER0161,276175.81,2026-08-01T10:30:48
TRD001636,KRAKEN,XRP,TRADER0066,1175.72,2026-08-01T10:07:04
TRD001637,BINANCE,BTC,TRADER0095,444228.11,2026-08-01T08:22:54
TRD001638,OKX,ETH,TRADER0032,496788.45,2026-08-01T08:08:48
TRD001639,KRAKEN,DOGE,TRADER0023,3022.87,2026-08-01T12:36:51
TRD001640,BYBIT,BTC,TRADER0262,181616.77,2026-08-01T11:47:10
TRD001641,BINANCE,XRP,TRADER0145,230616.22,2026-08-01T11:02:56
TRD001642,BYBIT,SOL,TRADER0241,4715.27,2026-08-01T09:27:33
TRD001643,KRAKEN,BTC,TRADER0149,4655.03,2026-08-01T08:58:01
TRD001644,OKX,ETH,TRADER0161,,2026-08-01T09:57:20
TRD001645,BYBIT,DOGE,TRADER0017,3302.44,2026-08-01T08:42:13
TRD001646,COINBASE,DOGE,TRADER0258,352129.75,2026-08-01T12:54:20
TRD001647,BINANCE,DOGE,TRADER0027,363679.1,2026-08-01T10:53:05
TRD001648,KRAKEN,ETH,TRADER0295,1500.67,2026-08-01T11:17:40
TRD001649,COINBASE,XRP,TRADER0162,3753.53,2026-08-01T12:03:02
TRD001650,BYBIT,SOL,TRADER0041,302257.38,2026-08-01T13:56:48
TRD001651,BYBIT,DOGE,TRADER0118,2272.39,2026-08-01T12:53:36
TRD001652,COINBASE,XRP,TRADER0300,342218.27,2026-08-01T11:06:32
TRD001653,KRAKEN,BTC,TRADER0042,2072.09,2026-08-01T13:14:34
TRD001654,BYBIT,ETH,TRADER0093,4388.21,2026-08-01T11:48:37
TRD001655,KRAKEN,DOGE,TRADER0241,3727.13,2026-08-01T11:55:36
TRD001656,BINANCE,ETH,TRADER0038,446752.0,2026-08-01T11:50:39
TRD001657,KRAKEN,ETH,TRADER0206,196573.96,2026-08-01T09:05:00
TRD001658,KRAKEN,SOL,TRADER0056,118095.08,2026-08-01T12:05:09
TRD001659,BYBIT,XRP,TRADER0224,1481.99,2026-08-01T09:40:11
TRD001660,OKX,DOGE,TRADER0043,103113.5,2026-08-01T13:54:39
TRD001661,BYBIT,XRP,TRADER0165,303466.88,2026-08-01T08:52:55
TRD001662,COINBASE,SOL,TRADER0253,325652.54,2026-08-01T10:35:47
TRD001663,KRAKEN,XRP,TRADER0164,3798.64,2026-08-01T09:55:03
TRD001664,BYBIT,DOGE,TRADER0143,2896.93,2026-08-01T11:09:41
TRD001665,KRAKEN,ETH,TRADER0061,1474.82,2026-08-01T09:32:28
TRD001666,KRAKEN,SOL,TRADER0055,4626.35,2026-08-01T08:52:24
TRD001667,COINBASE,DOGE,TRADER0261,3786.58,2026-08-01T12:54:49
TRD001668,OKX,ETH,TRADER0004,428959.28,2026-08-01T09:50:56
TRD001669,KRAKEN,DOGE,TRADER0219,308357.56,2026-08-01T10:41:04
TRD001670,BINANCE,BTC,TRADER0228,4449.95,2026-08-01T09:14:43
TRD001671,KRAKEN,BTC,TRADER0182,4028.02,2026-08-01T08:40:36
TRD001672,KRAKEN,ETH,TRADER0260,1709.92,2026-08-01T10:51:55
TRD001673,BINANCE,XRP,TRADER0052,417678.96,2026-08-01T09:43:58
TRD001674,OKX,BTC,TRADER0005,1267.27,2026-08-01T09:46:51
TRD001675,KRAKEN,XRP,TRADER0078,174841.94,2026-08-01T10:34:20
TRD001676,COINBASE,ETH,TRADER0046,4756.62,2026-08-01T08:01:44
TRD001677,BYBIT,BTC,TRADER0252,2810.8,2026-08-01T08:21:11
TRD001678,BYBIT,SOL,TRADER0195,193886.31,2026-08-01T12:24:27
TRD001679,OKX,ETH,TRADER0154,450015.63,2026-08-01T12:27:43
TRD001680,BYBIT,DOGE,TRADER0183,2739.9,2026-08-01T09:01:22
TRD001681,KRAKEN,XRP,TRADER0229,1660.72,2026-08-01T09:36:13
TRD001682,BYBIT,SOL,TRADER0059,1770.51,2026-08-01T12:24:11
TRD001683,BYBIT,DOGE,TRADER0211,111585.02,2026-08-01T12:37:09
TRD001684,COINBASE,XRP,TRADER0032,229276.81,2026-08-01T11:44:35
TRD001685,BYBIT,XRP,TRADER0218,464947.49,2026-08-01T12:25:09
TRD001686,COINBASE,SOL,TRADER0024,1577.13,2026-08-01T12:52:44
TRD001687,COINBASE,BTC,TRADER0169,689.62,2026-08-01T11:27:05
TRD001688,,SOL,TRADER0181,3845.87,2026-08-01T12:43:15
TRD001689,COINBASE,SOL,TRADER0275,162797.16,2026-08-01T10:05:14
TRD001690,KRAKEN,ETH,TRADER0192,1690.94,2026-08-01T08:07:26
TRD001691,BINANCE,BTC,TRADER0270,259174.96,2026-08-01T08:23:05
TRD001692,COINBASE,SOL,TRADER0155,170.01,2026-08-01T08:18:26
TRD001693,KRAKEN,BTC,TRADER0194,152477.28,2026-08-01T08:46:22
TRD001694,BINANCE,BTC,TRADER0259,404954.4,2026-08-01T08:11:00
TRD001695,BINANCE,DOGE,TRADER0078,335278.32,2026-08-01T09:46:06
TRD001696,OKX,SOL,TRADER0166,397393.34,2026-08-01T10:29:40
TRD001697,BYBIT,ETH,TRADER0052,362420.28,2026-08-01T11:25:39
TRD001698,KRAKEN,XRP,TRADER0048,262532.29,2026-08-01T12:23:58
TRD001699,KRAKEN,DOGE,TRADER0260,106885.01,2026-08-01T11:34:58
TRD001700,KRAKEN,DOGE,TRADER0056,2288.74,2026-08-01T11:37:00
TRD001701,COINBASE,XRP,TRADER0190,143579.38,2026-08-01T11:01:33
TRD001702,COINBASE,BTC,TRADER0049,183072.73,2026-08-01T13:24:04
TRD001703,COINBASE,BTC,TRADER0073,2045.82,2026-08-01T08:32:11
TRD001704,BYBIT,SOL,TRADER0211,1591.7,2026-08-01T08:19:56
TRD001705,KRAKEN,DOGE,TRADER0209,4363.57,2026-08-01T13:07:09
TRD001706,BYBIT,DOGE,TRADER0256,360803.45,2026-08-01T12:11:58
TRD001707,BYBIT,DOGE,TRADER0285,4300.33,2026-08-01T08:57:22
TRD001708,BYBIT,BTC,TRADER0193,680.05,2026-08-01T09:30:45
TRD001709,COINBASE,XRP,TRADER0059,243.36,2026-08-01T13:41:58
TRD001710,OKX,XRP,TRADER0072,318834.02,2026-08-01T08:05:03
TRD001711,KRAKEN,BTC,TRADER0223,387977.2,2026-08-01T12:45:20
TRD001712,KRAKEN,DOGE,TRADER0191,166378.27,2026-08-01T12:45:45
TRD001713,COINBASE,DOGE,TRADER0191,200495.75,2026-08-01T09:55:01
TRD001714,KRAKEN,ETH,TRADER0085,2645.67,2026-08-01T10:53:30
TRD001715,BYBIT,ETH,TRADER0077,2378.94,2026-08-01T10:50:18
TRD001716,COINBASE,ETH,TRADER0049,2711.77,2026-08-01T13:41:19
TRD001717,BYBIT,DOGE,TRADER0081,380.52,2026-08-01T11:08:23
TRD001718,BINANCE,ETH,TRADER0141,464604.29,2026-08-01T13:19:11
TRD001719,KRAKEN,SOL,TRADER0207,4674.82,2026-08-01T08:42:18
TRD001720,OKX,ETH,TRADER0053,211994.21,2026-08-01T13:07:50
TRD001721,BINANCE,ETH,TRADER0268,406421.74,2026-08-01T13:14:23
TRD001722,OKX,DOGE,TRADER0142,394906.21,2026-08-01T09:54:18
TRD001723,COINBASE,BTC,TRADER0119,4945.98,2026-08-01T09:18:16
TRD001724,COINBASE,XRP,TRADER0001,1650.52,2026-08-01T09:14:48
TRD001725,OKX,XRP,TRADER0218,3340.97,2026-08-01T10:11:29
TRD001726,OKX,XRP,TRADER0194,382497.84,2026-08-01T10:50:15
TRD001727,OKX,SOL,TRADER0272,437.09,2026-08-01T09:30:43
TRD001728,KRAKEN,ETH,TRADER0224,296037.4,2026-08-01T09:05:40
TRD001729,OKX,XRP,TRADER0179,446455.38,2026-08-01T11:08:57
TRD001730,BYBIT,ETH,TRADER0287,4387.66,2026-08-01T11:28:52
TRD001731,KRAKEN,ETH,TRADER0006,1019.39,2026-08-01T08:03:03
TRD001732,OKX,SOL,TRADER0169,247546.97,2026-08-01T12:34:35
TRD001733,BINANCE,DOGE,TRADER0140,209980.57,2026-08-01T11:37:31
TRD001734,BINANCE,SOL,TRADER0141,3145.09,2026-08-01T12:17:07
TRD001735,OKX,XRP,TRADER0252,910.17,2026-08-01T08:20:51
TRD001736,KRAKEN,BTC,TRADER0079,3542.92,2026-08-01T08:45:13
TRD001737,BYBIT,BTC,TRADER0029,384236.35,2026-08-01T08:53:14
TRD001738,OKX,SOL,TRADER0100,394981.45,2026-08-01T10:52:50
TRD001739,COINBASE,DOGE,TRADER0188,476218.06,2026-08-01T11:47:23
TRD001740,BINANCE,BTC,TRADER0099,300610.28,2026-08-01T08:45:51
TRD001741,COINBASE,XRP,TRADER0023,179473.36,2026-08-01T09:34:27
TRD001742,BINANCE,SOL,TRADER0141,147085.83,2026-08-01T13:10:17
TRD001743,BINANCE,DOGE,TRADER0238,486.4,2026-08-01T08:47:11
TRD001744,COINBASE,SOL,TRADER0011,3845.28,2026-08-01T13:48:24
TRD001745,KRAKEN,XRP,TRADER0042,477294.93,2026-08-01T13:50:47
TRD001746,COINBASE,ETH,TRADER0159,314.01,2026-08-01T10:32:21
TRD001747,COINBASE,DOGE,TRADER0162,434110.11,2026-08-01T09:48:48
TRD001748,COINBASE,SOL,TRADER0133,205818.06,2026-08-01T11:13:57
TRD001749,OKX,SOL,TRADER0179,3873.23,2026-08-01T08:20:03
TRD001750,OKX,XRP,TRADER0080,184265.12,2026-08-01T11:09:27
TRD001751,KRAKEN,ETH,TRADER0176,301506.1,2026-08-01T08:49:33
TRD001752,OKX,ETH,TRADER0133,1130.36,2026-08-01T12:42:22
TRD001753,COINBASE,XRP,TRADER0072,229196.38,2026-08-01T13:59:31
TRD001754,OKX,BTC,TRADER0166,3521.38,2026-08-01T09:26:41
TRD001755,BYBIT,XRP,TRADER0172,1716.53,2026-08-01T11:15:31
TRD001756,KRAKEN,ETH,TRADER0240,400818.07,2026-08-01T13:36:45
TRD001757,BYBIT,DOGE,TRADER0295,392381.94,2026-08-01T10:13:01
TRD001758,KRAKEN,SOL,TRADER0173,2438.66,2026-08-01T10:07:57
TRD001759,OKX,BTC,TRADER0216,207744.39,2026-08-01T13:23:53
TRD001760,BINANCE,ETH,TRADER0263,873.6,2026-08-01T13:10:11
TRD001761,COINBASE,ETH,TRADER0171,3953.42,2026-08-01T10:48:54
TRD001762,COINBASE,SOL,TRADER0235,2010.17,2026-08-01T09:49:26
TRD001763,COINBASE,SOL,TRADER0158,447.86,2026-08-01T11:58:24
TRD001764,BINANCE,ETH,TRADER0079,438267.36,2026-08-01T08:02:42
TRD001765,BYBIT,ETH,TRADER0177,319931.63,2026-08-01T09:56:02
TRD001766,BYBIT,XRP,TRADER0238,3545.81,2026-08-01T11:31:40
TRD001767,COINBASE,SOL,TRADER0069,230844.74,2026-08-01T11:51:53
TRD001768,OKX,XRP,TRADER0274,404.7,2026-08-01T10:01:04
TRD001769,OKX,ETH,TRADER0121,1877.21,2026-08-01T13:33:27
TRD001770,OKX,XRP,TRADER0040,3245.61,2026-08-01T08:24:09
TRD001771,COINBASE,SOL,TRADER0223,509.61,2026-08-01T11:52:29
TRD001772,COINBASE,SOL,TRADER0160,1964.74,2026-08-01T10:22:33
TRD001773,BYBIT,ETH,TRADER0084,2021.17,2026-08-01T12:13:54
TRD001774,BINANCE,SOL,TRADER0052,3296.55,2026-08-01T09:27:51
TRD001775,KRAKEN,ETH,TRADER0295,2559.5,2026-08-01T12:25:29
TRD001776,BYBIT,XRP,TRADER0028,1549.62,2026-08-01T13:29:39
TRD001777,BYBIT,DOGE,TRADER0191,384809.39,2026-08-01T09:00:59
TRD001778,COINBASE,XRP,TRADER0273,3810.07,2026-08-01T09:22:07
TRD001779,BINANCE,SOL,TRADER0133,425134.04,2026-08-01T11:57:30
TRD001780,BINANCE,XRP,TRADER0145,447158.69,2026-08-01T11:20:29
TRD001781,BINANCE,DOGE,TRADER0190,,2026-08-01T08:12:51
TRD001782,OKX,SOL,TRADER0092,266824.09,2026-08-01T10:57:17
TRD001783,KRAKEN,BTC,TRADER0058,114644.94,2026-08-01T10:15:47
TRD001784,COINBASE,BTC,TRADER0274,390714.96,2026-08-01T11:55:26
TRD001785,KRAKEN,SOL,TRADER0235,197640.28,2026-08-01T08:22:11
TRD001786,BINANCE,SOL,TRADER0191,239.52,2026-08-01T11:28:34
TRD001787,OKX,BTC,TRADER0173,399706.8,2026-08-01T11:38:51
TRD001788,BINANCE,ETH,TRADER0132,3621.89,2026-08-01T11:56:42
TRD001789,BINANCE,ETH,TRADER0293,1341.83,2026-08-01T08:26:40
TRD001790,KRAKEN,DOGE,TRADER0243,474191.31,2026-08-01T09:41:25
TRD001791,KRAKEN,DOGE,TRADER0024,463898.56,2026-08-01T10:28:55
TRD001792,BINANCE,XRP,TRADER0107,142.66,2026-08-01T10:30:03
TRD001793,KRAKEN,XRP,TRADER0163,189929.91,2026-08-01T10:00:43
TRD001794,BINANCE,DOGE,TRADER0148,343726.46,2026-08-01T13:21:04
TRD001795,BYBIT,DOGE,TRADER0169,2730.22,2026-08-01T11:07:17
TRD001796,KRAKEN,SOL,TRADER0178,160711.45,2026-08-01T09:55:02
TRD001797,OKX,ETH,TRADER0200,1315.68,2026-08-01T13:44:49
TRD001798,BYBIT,DOGE,TRADER0177,399204.36,2026-08-01T10:46:02
TRD001799,KRAKEN,SOL,TRADER0232,3388.78,2026-08-01T13:40:55
TRD001800,KRAKEN,DOGE,TRADER0221,405976.06,2026-08-01T13:03:53
TRD001801,BYBIT,ETH,TRADER0193,4609.82,2026-08-01T08:52:57
TRD001802,BYBIT,ETH,TRADER0109,4961.05,2026-08-01T09:26:53
TRD001803,BYBIT,DOGE,TRADER0210,187101.04,2026-08-01T10:54:26
TRD001804,KRAKEN,BTC,TRADER0163,2536.41,2026-08-01T11:40:37
TRD001805,BYBIT,XRP,TRADER0147,4139.39,2026-08-01T11:38:28
TRD001806,KRAKEN,BTC,TRADER0273,4157.84,2026-08-01T08:53:41
TRD001807,BYBIT,DOGE,TRADER0215,4872.52,2026-08-01T13:37:59
TRD001808,COINBASE,ETH,TRADER0258,339827.27,2026-08-01T08:12:28
TRD001809,KRAKEN,DOGE,TRADER0128,873.97,2026-08-01T11:22:13
TRD001810,BINANCE,DOGE,TRADER0200,2782.68,2026-08-01T12:10:00
TRD001811,KRAKEN,ETH,TRADER0090,2387.24,2026-08-01T10:56:15
TRD001812,COINBASE,SOL,TRADER0034,182802.91,2026-08-01T12:10:46
TRD001813,COINBASE,DOGE,TRADER0228,418701.42,2026-08-01T12:33:11
TRD001814,BINANCE,DOGE,TRADER0170,4366.82,2026-08-01T12:12:25
TRD001815,BINANCE,BTC,TRADER0017,262538.68,2026-08-01T11:30:26
TRD001816,BINANCE,XRP,TRADER0134,4422.62,2026-08-01T11:59:29
TRD001817,BYBIT,BTC,TRADER0150,4067.73,2026-08-01T11:18:27
TRD001818,BYBIT,DOGE,TRADER0226,2171.51,2026-08-01T10:23:21
TRD001819,OKX,BTC,TRADER0087,1864.0,2026-08-01T10:12:44
TRD001820,BYBIT,ETH,TRADER0136,530.77,2026-08-01T12:10:15
TRD001821,BYBIT,ETH,TRADER0134,375677.65,2026-08-01T12:05:57
TRD001822,KRAKEN,DOGE,TRADER0141,2992.42,2026-08-01T12:44:57
TRD001823,KRAKEN,BTC,TRADER0114,325415.77,2026-08-01T10:47:28
TRD001824,COINBASE,DOGE,TRADER0157,275944.94,2026-08-01T09:24:20
TRD001825,COINBASE,ETH,TRADER0150,4302.78,2026-08-01T08:15:17
TRD001826,COINBASE,DOGE,TRADER0156,104826.69,2026-08-01T12:37:45
TRD001827,OKX,XRP,TRADER0245,168164.05,2026-08-01T13:51:37
TRD001828,COINBASE,DOGE,TRADER0257,249745.03,2026-08-01T13:54:06
TRD001829,COINBASE,DOGE,TRADER0247,918.17,2026-08-01T08:35:21
TRD001830,KRAKEN,ETH,TRADER0159,1071.82,2026-08-01T13:54:59
TRD001831,COINBASE,SOL,TRADER0256,2323.64,2026-08-01T12:46:14
TRD001832,COINBASE,ETH,TRADER0187,3338.01,2026-08-01T10:59:57
TRD001833,OKX,BTC,TRADER0139,2788.76,2026-08-01T08:30:34
TRD001834,BYBIT,DOGE,TRADER0268,1277.46,2026-08-01T13:55:25
TRD001835,COINBASE,ETH,TRADER0234,491751.0,2026-08-01T13:01:27
TRD001836,KRAKEN,BTC,TRADER0098,3680.02,2026-08-01T12:45:23
TRD001837,KRAKEN,BTC,TRADER0107,334270.96,2026-08-01T12:13:33
TRD001838,BINANCE,DOGE,TRADER0027,1628.35,2026-08-01T12:21:12
TRD001839,BINANCE,XRP,TRADER0043,2406.38,2026-08-01T13:26:44
TRD001840,BYBIT,SOL,TRADER0292,97.53,2026-08-01T12:01:44
TRD001841,COINBASE,DOGE,TRADER0234,200699.11,2026-08-01T13:28:25
TRD001842,KRAKEN,XRP,TRADER0091,293311.86,2026-08-01T13:52:24
TRD001843,KRAKEN,SOL,TRADER0273,210115.34,2026-08-01T13:41:50
TRD001844,BYBIT,BTC,TRADER0094,227683.02,2026-08-01T12:30:45
TRD001845,COINBASE,ETH,TRADER0034,3814.17,2026-08-01T12:02:02
TRD001846,KRAKEN,DOGE,TRADER0094,1008.3,2026-08-01T09:56:26
TRD001847,KRAKEN,DOGE,TRADER0157,1634.08,2026-08-01T10:43:52
TRD001848,OKX,ETH,TRADER0293,3375.84,2026-08-01T11:36:23
TRD001849,COINBASE,ETH,TRADER0081,306586.52,2026-08-01T13:56:53
TRD001850,OKX,XRP,TRADER0138,205142.17,2026-08-01T11:22:30
TRD001851,COINBASE,SOL,TRADER0171,431692.52,2026-08-01T12:05:36
TRD001852,KRAKEN,XRP,TRADER0289,266849.46,2026-08-01T08:30:12
TRD001853,BYBIT,SOL,TRADER0072,4876.18,2026-08-01T09:50:26
TRD001854,COINBASE,SOL,TRADER0151,109471.6,2026-08-01T11:28:50
TRD001855,KRAKEN,DOGE,TRADER0287,418989.85,2026-08-01T10:29:37
TRD001856,BINANCE,BTC,TRADER0125,389139.66,2026-08-01T08:25:07
TRD001857,BYBIT,XRP,TRADER0128,342681.94,2026-08-01T08:32:23
TRD001858,BINANCE,BTC,TRADER0176,247779.53,2026-08-01T09:00:38
TRD001859,BYBIT,ETH,TRADER0038,410097.16,2026-08-01T09:22:53
TRD001860,COINBASE,DOGE,TRADER0154,324734.55,2026-08-01T10:13:55
TRD001861,KRAKEN,DOGE,TRADER0280,204287.65,2026-08-01T08:11:56
TRD001862,COINBASE,BTC,TRADER0161,244491.85,2026-08-01T09:57:18
TRD001863,COINBASE,SOL,TRADER0240,1177.03,2026-08-01T10:21:27
TRD001864,KRAKEN,DOGE,TRADER0012,356896.09,2026-08-01T11:36:26
TRD001865,BYBIT,BTC,TRADER0271,495857.23,2026-08-01T08:08:50
TRD001866,OKX,XRP,TRADER0017,449232.35,2026-08-01T12:54:15
TRD001867,BYBIT,SOL,TRADER0295,1702.08,2026-08-01T13:08:43
TRD001868,BINANCE,DOGE,TRADER0058,2682.22,2026-08-01T13:13:26
TRD001869,BYBIT,DOGE,TRADER0098,406846.11,2026-08-01T10:31:12
TRD001870,BYBIT,XRP,TRADER0078,129210.31,2026-08-01T12:07:58
TRD001871,OKX,XRP,TRADER0011,217525.51,2026-08-01T08:10:18
TRD001872,BINANCE,ETH,TRADER0166,2164.39,2026-08-01T13:19:08
TRD001873,KRAKEN,DOGE,TRADER0235,180132.62,2026-08-01T13:15:02
TRD001874,COINBASE,ETH,TRADER0076,1070.41,2026-08-01T12:51:19
TRD001875,OKX,BTC,TRADER0066,481864.24,2026-08-01T10:52:12
TRD001876,COINBASE,ETH,TRADER0104,269713.46,2026-08-01T10:07:14
TRD001877,COINBASE,SOL,TRADER0014,459551.85,2026-08-01T09:07:14
TRD001878,BYBIT,BTC,TRADER0228,4344.29,2026-08-01T11:27:45
TRD001879,BINANCE,XRP,TRADER0225,182252.91,2026-08-01T13:22:20
TRD001880,BINANCE,BTC,TRADER0090,2558.18,2026-08-01T09:28:57
TRD001881,COINBASE,BTC,TRADER0251,243356.14,2026-08-01T11:46:42
TRD001882,COINBASE,ETH,TRADER0047,243943.39,2026-08-01T12:37:50
TRD001883,BINANCE,XRP,TRADER0009,421364.67,2026-08-01T08:54:38
TRD001884,KRAKEN,SOL,TRADER0159,273659.55,2026-08-01T10:05:15
TRD001885,BINANCE,XRP,TRADER0242,485693.79,2026-08-01T08:24:46
TRD001886,COINBASE,ETH,TRADER0091,2844.67,2026-08-01T09:16:34
TRD001887,BYBIT,BTC,TRADER0032,183930.24,2026-08-01T11:22:59
TRD001888,OKX,XRP,TRADER0081,2125.23,2026-08-01T09:39:11
TRD001889,KRAKEN,BTC,TRADER0084,181630.76,2026-08-01T13:41:30
TRD001890,KRAKEN,SOL,TRADER0165,190.97,2026-08-01T12:16:57
TRD001891,BINANCE,ETH,TRADER0209,280.17,2026-08-01T09:26:22
TRD001892,BINANCE,BTC,TRADER0179,4491.08,2026-08-01T09:01:23
TRD001893,BYBIT,XRP,TRADER0213,4287.9,2026-08-01T13:29:27
TRD001894,BINANCE,SOL,TRADER0244,2373.96,2026-08-01T10:56:20
TRD001895,OKX,SOL,TRADER0050,2415.06,2026-08-01T09:08:43
TRD001896,COINBASE,DOGE,TRADER0067,4036.97,2026-08-01T08:51:46
TRD001897,BYBIT,SOL,TRADER0054,200268.28,2026-08-01T10:59:28
TRD001898,BYBIT,DOGE,TRADER0267,495057.17,2026-08-01T09:11:55
TRD001899,,XRP,TRADER0192,3322.95,2026-08-01T11:30:16
TRD001900,BINANCE,ETH,TRADER0094,120.89,2026-08-01T09:28:24
TRD001901,BYBIT,SOL,TRADER0006,293537.94,2026-08-01T09:42:32
TRD001902,OKX,XRP,TRADER0232,281277.44,2026-08-01T12:58:07
TRD001903,BYBIT,BTC,TRADER0144,305796.36,2026-08-01T11:04:11
TRD001904,COINBASE,SOL,TRADER0175,294942.06,2026-08-01T08:52:42
TRD001905,KRAKEN,DOGE,TRADER0135,362.43,2026-08-01T12:56:43
TRD001906,COINBASE,BTC,TRADER0117,4876.69,2026-08-01T13:00:37
TRD001907,KRAKEN,ETH,TRADER0178,1569.8,2026-08-01T12:35:38
TRD001908,COINBASE,XRP,TRADER0262,1014.65,2026-08-01T08:09:07
TRD001909,COINBASE,SOL,TRADER0270,3024.63,2026-08-01T12:51:10
TRD001910,KRAKEN,DOGE,TRADER0118,3483.79,2026-08-01T11:24:30
TRD001911,COINBASE,BTC,TRADER0085,3192.79,2026-08-01T09:23:02
TRD001912,OKX,DOGE,TRADER0218,211368.55,2026-08-01T10:41:55
TRD001913,BYBIT,DOGE,TRADER0216,4474.04,2026-08-01T10:43:50
TRD001914,BINANCE,BTC,TRADER0129,3556.29,2026-08-01T13:34:50
TRD001915,OKX,BTC,TRADER0031,156121.31,2026-08-01T09:27:31
TRD001916,COINBASE,XRP,TRADER0082,3248.12,2026-08-01T10:15:45
TRD001917,KRAKEN,BTC,TRADER0116,210487.15,2026-08-01T09:07:25
TRD001918,OKX,ETH,TRADER0106,,2026-08-01T08:05:52
TRD001919,BINANCE,DOGE,TRADER0160,408663.21,2026-08-01T10:06:48
TRD001920,BYBIT,SOL,TRADER0064,2729.23,2026-08-01T08:38:26
TRD001921,KRAKEN,SOL,TRADER0021,1938.43,2026-08-01T13:42:22
TRD001922,BYBIT,XRP,TRADER0300,383904.27,2026-08-01T10:38:58
TRD001923,COINBASE,DOGE,TRADER0053,392703.72,2026-08-01T10:11:46
TRD001924,BYBIT,XRP,TRADER0216,142076.04,2026-08-01T10:30:39
TRD001925,KRAKEN,DOGE,TRADER0169,434518.5,2026-08-01T08:45:22
TRD001926,BINANCE,BTC,TRADER0249,297990.43,2026-08-01T10:25:08
TRD001927,BINANCE,XRP,TRADER0288,326248.03,2026-08-01T08:22:59
TRD001928,OKX,BTC,TRADER0051,2899.35,2026-08-01T11:16:59
TRD001929,OKX,DOGE,TRADER0216,4085.65,2026-08-01T11:09:40
TRD001930,BYBIT,XRP,TRADER0294,114910.5,2026-08-01T13:43:02
TRD001931,BYBIT,BTC,TRADER0111,109657.77,2026-08-01T08:53:57
TRD001932,KRAKEN,XRP,TRADER0015,439772.03,2026-08-01T11:15:50
TRD001933,KRAKEN,SOL,TRADER0128,413483.92,2026-08-01T12:10:14
TRD001934,KRAKEN,ETH,TRADER0108,445393.16,2026-08-01T11:39:10
TRD001935,KRAKEN,ETH,TRADER0256,4290.4,2026-08-01T10:52:52
TRD001936,KRAKEN,BTC,TRADER0047,225169.74,2026-08-01T13:49:14
TRD001937,COINBASE,XRP,TRADER0104,382958.43,2026-08-01T11:04:02
TRD001938,BYBIT,SOL,TRADER0082,4798.58,2026-08-01T09:43:39
TRD001939,OKX,SOL,TRADER0260,3516.13,2026-08-01T11:37:20
TRD001940,OKX,BTC,TRADER0102,384666.23,2026-08-01T10:23:50
TRD001941,COINBASE,SOL,TRADER0273,153212.91,2026-08-01T08:56:35
TRD001942,KRAKEN,DOGE,TRADER0292,4855.19,2026-08-01T12:01:41
TRD001943,BINANCE,ETH,TRADER0281,817.31,2026-08-01T12:30:03
TRD001944,COINBASE,ETH,TRADER0126,4381.92,2026-08-01T09:19:23
TRD001945,BINANCE,SOL,TRADER0125,443012.54,2026-08-01T11:59:43
TRD001946,BYBIT,DOGE,TRADER0283,4991.94,2026-08-01T12:43:12
TRD001947,OKX,XRP,TRADER0295,491652.43,2026-08-01T11:18:46
TRD001948,KRAKEN,XRP,TRADER0190,1854.35,2026-08-01T10:54:50
TRD001949,OKX,SOL,TRADER0040,4792.55,2026-08-01T12:53:58
TRD001950,OKX,ETH,TRADER0050,413687.44,2026-08-01T12:52:22
TRD001951,KRAKEN,BTC,TRADER0117,3614.53,2026-08-01T12:14:06
TRD001952,KRAKEN,DOGE,TRADER0028,275148.38,2026-08-01T08:35:18
TRD001953,COINBASE,BTC,TRADER0287,360111.03,2026-08-01T12:20:18
TRD001954,COINBASE,BTC,TRADER0182,387547.52,2026-08-01T08:15:03
TRD001955,OKX,XRP,TRADER0221,477099.26,2026-08-01T09:57:31
TRD001956,BYBIT,SOL,TRADER0276,3501.17,2026-08-01T13:11:13
TRD001957,OKX,XRP,TRADER0074,492071.42,2026-08-01T08:03:42
TRD001958,OKX,BTC,TRADER0184,2957.87,2026-08-01T13:35:14
TRD001959,BINANCE,DOGE,TRADER0212,3665.38,2026-08-01T13:28:30
TRD001960,COINBASE,ETH,TRADER0016,3264.56,2026-08-01T11:01:12
TRD001961,BINANCE,BTC,TRADER0207,479611.96,2026-08-01T11:42:35
TRD001962,BYBIT,XRP,TRADER0071,173195.84,2026-08-01T11:13:57
TRD001963,COINBASE,XRP,TRADER0130,173826.55,2026-08-01T09:49:33
TRD001964,COINBASE,SOL,TRADER0042,400726.15,2026-08-01T08:11:08
TRD001965,OKX,BTC,TRADER0286,342.77,2026-08-01T08:00:56
TRD001966,OKX,BTC,TRADER0003,222505.55,2026-08-01T08:37:53
TRD001967,COINBASE,ETH,TRADER0256,187349.54,2026-08-01T08:52:57
TRD001968,COINBASE,DOGE,TRADER0192,2891.23,2026-08-01T12:37:04
TRD001969,COINBASE,XRP,TRADER0016,3129.31,2026-08-01T10:50:12
TRD001970,KRAKEN,BTC,TRADER0179,3431.01,2026-08-01T08:54:27
TRD001971,BYBIT,ETH,TRADER0080,467999.66,2026-08-01T13:59:37
TRD001972,OKX,XRP,TRADER0230,4722.85,2026-08-01T11:04:46
TRD001973,COINBASE,SOL,TRADER0073,1235.28,2026-08-01T11:40:47
TRD001974,BINANCE,SOL,TRADER0031,4587.22,2026-08-01T12:43:54
TRD001975,BINANCE,SOL,TRADER0270,380882.36,2026-08-01T12:58:23
TRD001976,COINBASE,SOL,TRADER0165,405409.04,2026-08-01T13:42:03
TRD001977,BYBIT,XRP,TRADER0223,296186.14,2026-08-01T08:56:58
TRD001978,KRAKEN,DOGE,TRADER0248,222359.03,2026-08-01T08:30:06
TRD001979,OKX,BTC,TRADER0097,4736.56,2026-08-01T13:50:02
TRD001980,KRAKEN,BTC,TRADER0274,486707.28,2026-08-01T09:42:48
TRD001981,KRAKEN,DOGE,TRADER0027,373666.15,2026-08-01T12:37:38
TRD001982,OKX,ETH,TRADER0261,1885.58,2026-08-01T08:53:52
TRD001983,BYBIT,ETH,TRADER0114,3576.43,2026-08-01T12:30:29
TRD001984,COINBASE,DOGE,TRADER0008,273.91,2026-08-01T10:38:37
TRD001985,BINANCE,ETH,TRADER0170,4922.79,2026-08-01T11:23:02
TRD001986,BYBIT,BTC,TRADER0080,198469.27,2026-08-01T11:50:55
TRD001987,OKX,SOL,TRADER0105,361334.54,2026-08-01T11:43:28
TRD001988,BINANCE,XRP,TRADER0212,1916.8,2026-08-01T12:26:37
TRD001989,KRAKEN,DOGE,TRADER0006,258187.39,2026-08-01T09:10:23
TRD001990,COINBASE,BTC,TRADER0059,460886.86,2026-08-01T08:36:19
TRD001991,COINBASE,DOGE,TRADER0168,396037.18,2026-08-01T10:35:32
TRD001992,OKX,SOL,TRADER0146,4284.77,2026-08-01T11:35:40
TRD001993,COINBASE,BTC,TRADER0285,4239.95,2026-08-01T12:16:06
TRD001994,BYBIT,BTC,TRADER0058,1181.79,2026-08-01T08:45:39
TRD001995,BINANCE,ETH,TRADER0224,3095.84,2026-08-01T12:01:24
TRD001996,OKX,BTC,TRADER0258,3845.61,2026-08-01T10:53:37
TRD001997,BINANCE,DOGE,TRADER0008,236539.0,2026-08-01T09:35:51
TRD001998,KRAKEN,XRP,TRADER0103,122571.26,2026-08-01T09:23:36
TRD001999,KRAKEN,DOGE,TRADER0033,350885.45,2026-08-01T13:59:21
